,checking_account_status,duration_months,credit_history,purpose,amount,savings_account_status,present_employment_since,installment_rate,other_debtors,present_residence_since,property,age_years,other_installment_plans,housing,num_existing_credits_this_bank,job,num_dependants,telephone,foreign_worker,good_or_bad,personal_status,gender,present_employment_since_numeric,good_loan
0,<0,6,critical account/other credits existing (not at this bank),radio/television,1169,unknown/no savings account,>7 yrs,4,none,4,real estate,67,none,rent,2,skilled employee / official,1,"yes, registered",yes,good,single,male,4,1
1,0-200,48,existing credits paid back duly till now,radio/television,5951,<100,1-4 yrs,2,none,2,real estate,22,none,rent,1,skilled employee / official,1,none,yes,bad,divorced/separated/married,female,2,0
2,No account,12,critical account/other credits existing (not at this bank),education,2096,<100,4-7 yrs,2,none,3,real estate,49,none,rent,1,unskilled - resident,2,none,yes,good,single,male,3,1
3,<0,42,existing credits paid back duly till now,furniture/equipment,7882,<100,4-7 yrs,2,guarantor,4,savings agreement/life insurance,45,none,free,1,skilled employee / official,2,none,yes,good,single,male,3,1
4,<0,24,delay in paying off in the past,car (new),4870,<100,1-4 yrs,3,none,4,unknown/no property,53,none,free,2,skilled employee / official,2,none,yes,bad,single,male,2,0
5,No account,36,existing credits paid back duly till now,education,9055,unknown/no savings account,1-4 yrs,2,none,4,unknown/no property,35,none,free,1,unskilled - resident,2,"yes, registered",yes,good,single,male,2,1
6,No account,24,existing credits paid back duly till now,furniture/equipment,2835,500-1000,>7 yrs,3,none,4,savings agreement/life insurance,53,none,rent,1,skilled employee / official,1,none,yes,good,single,male,4,1
7,0-200,36,existing credits paid back duly till now,car (used),6948,<100,1-4 yrs,2,none,2,car or other,35,none,own,1,management/ self-employed/highly qualified employee/ officer,1,"yes, registered",yes,good,single,male,2,1
8,No account,12,existing credits paid back duly till now,radio/television,3059,>=1000,4-7 yrs,2,none,4,real estate,61,none,rent,1,unskilled - resident,1,none,yes,good,divorced/separated,male,3,1
9,0-200,30,critical account/other credits existing (not at this bank),car (new),5234,<100,unemployed,4,none,2,car or other,28,none,rent,2,management/ self-employed/highly qualified employee/ officer,1,none,yes,bad,married/widowed,male,0,0
10,0-200,12,existing credits paid back duly till now,car (new),1295,<100,<1 yr,3,none,1,car or other,25,none,own,1,skilled employee / official,1,none,yes,bad,divorced/separated/married,female,1,0
11,<0,48,existing credits paid back duly till now,business,4308,<100,<1 yr,3,none,4,savings agreement/life insurance,24,none,own,1,skilled employee / official,1,none,yes,bad,divorced/separated/married,female,1,0
12,0-200,12,existing credits paid back duly till now,radio/television,1567,<100,1-4 yrs,1,none,1,car or other,22,none,rent,1,skilled employee / official,1,"yes, registered",yes,good,divorced/separated/married,female,2,1
13,<0,24,critical account/other credits existing (not at this bank),car (new),1199,<100,>7 yrs,4,none,4,car or other,60,none,rent,2,unskilled - resident,1,none,yes,bad,single,male,4,0
14,<0,15,existing credits paid back duly till now,car (new),1403,<100,1-4 yrs,2,none,4,car or other,28,none,own,1,skilled employee / official,1,none,yes,good,divorced/separated/married,female,2,1
15,<0,24,existing credits paid back duly till now,radio/television,1282,100-500,1-4 yrs,4,none,2,car or other,32,none,rent,1,unskilled - resident,1,none,yes,bad,divorced/separated/married,female,2,0
16,No account,24,critical account/other credits existing (not at this bank),radio/television,2424,unknown/no savings account,>7 yrs,4,none,4,savings agreement/life insurance,53,none,rent,2,skilled employee / official,1,none,yes,good,single,male,4,1
17,<0,30,no credits taken / paid back duly,business,8072,unknown/no savings account,<1 yr,2,none,3,car or other,25,bank,rent,3,skilled employee / official,1,none,yes,good,single,male,1,1
18,0-200,24,existing credits paid back duly till now,car (used),12579,<100,>7 yrs,4,none,2,unknown/no property,44,none,free,1,management/ self-employed/highly qualified employee/ officer,1,"yes, registered",yes,bad,divorced/separated/married,female,4,0
19,No account,24,existing credits paid back duly till now,radio/television,3430,500-1000,>7 yrs,3,none,2,car or other,31,none,rent,1,skilled employee / official,2,"yes, registered",yes,good,single,male,4,1
20,No account,9,critical account/other credits existing (not at this bank),car (new),2134,<100,1-4 yrs,4,none,4,car or other,48,none,rent,3,skilled employee / official,1,"yes, registered",yes,good,single,male,2,1
21,<0,6,existing credits paid back duly till now,radio/television,2647,500-1000,1-4 yrs,2,none,3,real estate,44,none,own,1,skilled employee / official,2,none,yes,good,single,male,2,1
22,<0,10,critical account/other credits existing (not at this bank),car (new),2241,<100,<1 yr,1,none,3,real estate,48,none,own,2,unskilled - resident,2,none,no,good,single,male,1,1
23,0-200,12,critical account/other credits existing (not at this bank),car (used),1804,100-500,<1 yr,3,none,4,savings agreement/life insurance,44,none,rent,1,skilled employee / official,1,none,yes,good,single,male,1,1
24,No account,10,critical account/other credits existing (not at this bank),furniture/equipment,2069,unknown/no savings account,1-4 yrs,2,none,1,car or other,26,none,rent,2,skilled employee / official,1,none,no,good,married/widowed,male,2,1
25,<0,6,existing credits paid back duly till now,furniture/equipment,1374,<100,1-4 yrs,1,none,2,real estate,36,bank,rent,1,unskilled - resident,1,"yes, registered",yes,good,single,male,2,1
26,No account,6,no credits taken / paid back duly,radio/television,426,<100,>7 yrs,4,none,4,car or other,39,none,rent,1,unskilled - resident,1,none,yes,good,married/widowed,male,4,1
27,>=200,12,all credits at this bank paid back duly,radio/television,409,>=1000,1-4 yrs,3,none,3,real estate,42,none,own,2,skilled employee / official,1,none,yes,good,divorced/separated/married,female,2,1
28,0-200,7,existing credits paid back duly till now,radio/television,2415,<100,1-4 yrs,3,guarantor,2,real estate,34,none,rent,1,skilled employee / official,1,none,yes,good,single,male,2,1
29,<0,60,delay in paying off in the past,business,6836,<100,>7 yrs,3,none,4,unknown/no property,63,none,rent,2,skilled employee / official,1,"yes, registered",yes,bad,single,male,4,0
30,0-200,18,existing credits paid back duly till now,business,1913,>=1000,<1 yr,3,none,3,real estate,36,bank,rent,1,skilled employee / official,1,"yes, registered",yes,good,married/widowed,male,1,1
31,<0,24,existing credits paid back duly till now,furniture/equipment,4020,<100,1-4 yrs,2,none,2,car or other,27,stores,rent,1,skilled employee / official,1,none,yes,good,single,male,2,1
32,0-200,18,existing credits paid back duly till now,car (new),5866,100-500,1-4 yrs,2,none,2,car or other,30,none,rent,2,skilled employee / official,1,"yes, registered",yes,good,single,male,2,1
33,No account,12,critical account/other credits existing (not at this bank),business,1264,unknown/no savings account,>7 yrs,4,none,4,unknown/no property,57,none,own,1,unskilled - resident,1,none,yes,good,single,male,4,1
34,>=200,12,existing credits paid back duly till now,furniture/equipment,1474,<100,<1 yr,4,none,1,savings agreement/life insurance,33,bank,rent,1,management/ self-employed/highly qualified employee/ officer,1,"yes, registered",yes,good,divorced/separated/married,female,1,1
35,0-200,45,critical account/other credits existing (not at this bank),radio/television,4746,<100,<1 yr,4,none,2,savings agreement/life insurance,25,none,rent,2,unskilled - resident,1,none,yes,bad,single,male,1,0
36,No account,48,critical account/other credits existing (not at this bank),education,6110,<100,1-4 yrs,1,none,3,unknown/no property,31,bank,free,1,skilled employee / official,1,"yes, registered",yes,good,single,male,2,1
37,>=200,18,existing credits paid back duly till now,radio/television,2100,<100,1-4 yrs,4,co-applicant,2,real estate,37,stores,rent,1,skilled employee / official,1,none,yes,bad,single,male,2,0
38,>=200,10,existing credits paid back duly till now,domestic appliances,1225,<100,1-4 yrs,2,none,2,car or other,37,none,rent,1,skilled employee / official,1,"yes, registered",yes,good,single,male,2,1
39,0-200,9,existing credits paid back duly till now,radio/television,458,<100,1-4 yrs,4,none,3,real estate,24,none,rent,1,skilled employee / official,1,none,yes,good,single,male,2,1
40,No account,30,existing credits paid back duly till now,radio/television,2333,500-1000,>7 yrs,4,none,2,car or other,30,bank,rent,1,management/ self-employed/highly qualified employee/ officer,1,none,yes,good,single,male,4,1
41,0-200,12,existing credits paid back duly till now,radio/television,1158,500-1000,1-4 yrs,3,none,1,car or other,26,none,rent,1,skilled employee / official,1,"yes, registered",yes,good,divorced/separated,male,2,1
42,0-200,18,delay in paying off in the past,repairs,6204,<100,1-4 yrs,2,none,4,real estate,44,none,rent,1,unskilled - resident,2,"yes, registered",yes,good,single,male,2,1
43,<0,30,critical account/other credits existing (not at this bank),car (used),6187,100-500,4-7 yrs,1,none,4,car or other,24,none,own,2,skilled employee / official,1,none,yes,good,married/widowed,male,3,1
44,<0,48,critical account/other credits existing (not at this bank),car (used),6143,<100,>7 yrs,4,none,4,unknown/no property,58,stores,free,2,unskilled - resident,1,none,yes,bad,divorced/separated/married,female,4,0
45,No account,11,critical account/other credits existing (not at this bank),car (new),1393,<100,<1 yr,4,none,4,car or other,35,none,rent,2,management/ self-employed/highly qualified employee/ officer,1,none,yes,good,divorced/separated/married,female,1,1
46,No account,36,existing credits paid back duly till now,radio/television,2299,500-1000,>7 yrs,4,none,4,car or other,39,none,rent,1,skilled employee / official,1,none,yes,good,single,male,4,1
47,<0,6,existing credits paid back duly till now,car (used),1352,500-1000,unemployed,1,none,2,savings agreement/life insurance,23,none,own,1,unemployed/ unskilled - non-resident,1,"yes, registered",yes,good,divorced/separated/married,female,0,1
48,No account,11,critical account/other credits existing (not at this bank),car (new),7228,<100,1-4 yrs,1,none,4,savings agreement/life insurance,39,none,rent,2,unskilled - resident,1,none,yes,good,single,male,2,1
49,No account,12,existing credits paid back duly till now,radio/television,2073,100-500,1-4 yrs,4,co-applicant,2,real estate,28,none,rent,1,skilled employee / official,1,none,yes,good,divorced/separated/married,female,2,1
50,0-200,24,delay in paying off in the past,furniture/equipment,2333,unknown/no savings account,<1 yr,4,none,2,savings agreement/life insurance,29,bank,rent,1,unskilled - resident,1,none,yes,good,single,male,1,1
51,0-200,27,delay in paying off in the past,car (used),5965,<100,>7 yrs,1,none,2,car or other,30,none,rent,2,management/ self-employed/highly qualified employee/ officer,1,"yes, registered",yes,good,single,male,4,1
52,No account,12,existing credits paid back duly till now,radio/television,1262,<100,1-4 yrs,3,none,2,car or other,25,none,rent,1,skilled employee / official,1,none,yes,good,single,male,2,1
53,No account,18,existing credits paid back duly till now,car (used),3378,unknown/no savings account,1-4 yrs,2,none,1,savings agreement/life insurance,31,none,rent,1,skilled employee / official,1,"yes, registered",yes,good,single,male,2,1
54,0-200,36,delay in paying off in the past,car (new),2225,<100,>7 yrs,4,none,4,unknown/no property,57,bank,free,2,skilled employee / official,1,"yes, registered",yes,bad,single,male,4,0
55,No account,6,all credits at this bank paid back duly,car (new),783,unknown/no savings account,1-4 yrs,1,guarantor,2,real estate,26,stores,rent,1,unskilled - resident,2,none,yes,good,single,male,2,1
56,0-200,12,existing credits paid back duly till now,radio/television,6468,unknown/no savings account,unemployed,2,none,1,unknown/no property,52,none,rent,1,management/ self-employed/highly qualified employee/ officer,1,"yes, registered",yes,bad,single,male,0,0
57,No account,36,critical account/other credits existing (not at this bank),radio/television,9566,<100,1-4 yrs,2,none,2,car or other,31,stores,rent,2,skilled employee / official,1,none,yes,good,divorced/separated/married,female,2,1
58,>=200,18,existing credits paid back duly till now,car (new),1961,<100,>7 yrs,3,none,2,car or other,23,none,rent,1,management/ self-employed/highly qualified employee/ officer,1,none,yes,good,divorced/separated/married,female,4,1
59,<0,36,critical account/other credits existing (not at this bank),furniture/equipment,6229,<100,<1 yr,4,co-applicant,4,unknown/no property,23,none,own,2,unskilled - resident,1,"yes, registered",yes,bad,divorced/separated/married,female,1,0
60,0-200,9,existing credits paid back duly till now,business,1391,<100,1-4 yrs,2,none,1,real estate,27,bank,rent,1,skilled employee / official,1,"yes, registered",yes,good,married/widowed,male,2,1
61,0-200,15,critical account/other credits existing (not at this bank),radio/television,1537,unknown/no savings account,>7 yrs,4,guarantor,4,real estate,50,none,rent,2,skilled employee / official,1,"yes, registered",yes,good,single,male,4,1
62,0-200,36,no credits taken / paid back duly,business,1953,<100,>7 yrs,4,none,4,unknown/no property,61,none,free,1,management/ self-employed/highly qualified employee/ officer,1,"yes, registered",yes,bad,single,male,4,0
63,0-200,48,no credits taken / paid back duly,business,14421,<100,1-4 yrs,2,none,2,car or other,25,none,rent,1,skilled employee / official,1,"yes, registered",yes,bad,single,male,2,0
64,No account,24,existing credits paid back duly till now,radio/television,3181,<100,<1 yr,4,none,4,savings agreement/life insurance,26,none,rent,1,skilled employee / official,1,"yes, registered",yes,good,divorced/separated/married,female,1,1
65,No account,27,existing credits paid back duly till now,repairs,5190,unknown/no savings account,>7 yrs,4,none,4,savings agreement/life insurance,48,none,rent,4,skilled employee / official,2,"yes, registered",yes,good,single,male,4,1
66,No account,12,existing credits paid back duly till now,radio/television,2171,<100,<1 yr,2,none,2,car or other,29,bank,rent,1,skilled employee / official,1,none,yes,good,divorced/separated/married,female,1,1
67,0-200,12,existing credits paid back duly till now,car (new),1007,>=1000,1-4 yrs,4,none,1,real estate,22,none,rent,1,skilled employee / official,1,none,yes,good,married/widowed,male,2,1
68,No account,36,existing credits paid back duly till now,education,1819,<100,1-4 yrs,4,none,4,unknown/no property,37,stores,free,1,skilled employee / official,1,"yes, registered",yes,bad,single,male,2,0
69,No account,36,existing credits paid back duly till now,radio/television,2394,unknown/no savings account,1-4 yrs,4,none,4,car or other,25,none,rent,1,skilled employee / official,1,none,yes,good,divorced/separated/married,female,2,1
70,No account,36,existing credits paid back duly till now,car (used),8133,<100,1-4 yrs,1,none,2,savings agreement/life insurance,30,bank,rent,1,skilled employee / official,1,none,yes,good,divorced/separated/married,female,2,1
71,No account,7,critical account/other credits existing (not at this bank),radio/television,730,unknown/no savings account,>7 yrs,4,none,2,savings agreement/life insurance,46,none,own,2,unskilled - resident,1,"yes, registered",yes,good,single,male,4,1
72,<0,8,critical account/other credits existing (not at this bank),others,1164,<100,>7 yrs,3,none,4,unknown/no property,51,bank,free,2,management/ self-employed/highly qualified employee/ officer,2,"yes, registered",yes,good,single,male,4,1
73,0-200,42,critical account/other credits existing (not at this bank),business,5954,<100,4-7 yrs,2,none,1,real estate,41,bank,rent,2,unskilled - resident,1,none,yes,good,divorced/separated/married,female,3,1
74,<0,36,existing credits paid back duly till now,education,1977,unknown/no savings account,>7 yrs,4,none,4,unknown/no property,40,none,rent,1,management/ self-employed/highly qualified employee/ officer,1,"yes, registered",yes,bad,single,male,4,0
75,<0,12,critical account/other credits existing (not at this bank),car (used),1526,<100,>7 yrs,4,none,4,unknown/no property,66,none,free,2,management/ self-employed/highly qualified employee/ officer,1,none,yes,good,single,male,4,1
76,<0,42,existing credits paid back duly till now,radio/television,3965,<100,<1 yr,4,none,3,car or other,34,none,rent,1,skilled employee / official,1,none,yes,bad,single,male,1,0
77,0-200,11,delay in paying off in the past,radio/television,4771,<100,4-7 yrs,2,none,4,savings agreement/life insurance,51,none,rent,1,skilled employee / official,1,none,yes,good,single,male,3,1
78,No account,54,no credits taken / paid back duly,car (used),9436,unknown/no savings account,1-4 yrs,2,none,2,savings agreement/life insurance,39,none,rent,1,unskilled - resident,2,none,yes,good,single,male,2,1
79,0-200,30,existing credits paid back duly till now,furniture/equipment,3832,<100,<1 yr,2,none,1,savings agreement/life insurance,22,none,rent,1,skilled employee / official,1,none,yes,good,married/widowed,male,1,1
80,No account,24,existing credits paid back duly till now,radio/television,5943,unknown/no savings account,<1 yr,1,none,1,car or other,44,none,rent,2,skilled employee / official,1,"yes, registered",yes,bad,divorced/separated/married,female,1,0
81,No account,15,existing credits paid back duly till now,radio/television,1213,500-1000,>7 yrs,4,none,3,savings agreement/life insurance,47,stores,rent,1,skilled employee / official,1,"yes, registered",yes,good,single,male,4,1
82,No account,18,existing credits paid back duly till now,business,1568,100-500,1-4 yrs,3,none,4,savings agreement/life insurance,24,none,own,1,unskilled - resident,1,none,yes,good,divorced/separated/married,female,2,1
83,<0,24,existing credits paid back duly till now,others,1755,<100,>7 yrs,4,guarantor,4,real estate,58,none,rent,1,unskilled - resident,1,"yes, registered",yes,good,divorced/separated/married,female,4,1
84,<0,10,existing credits paid back duly till now,radio/television,2315,<100,>7 yrs,3,none,4,real estate,52,none,rent,1,unskilled - resident,1,none,yes,good,single,male,4,1
85,No account,12,critical account/other credits existing (not at this bank),business,1412,<100,1-4 yrs,4,guarantor,2,real estate,29,none,rent,2,management/ self-employed/highly qualified employee/ officer,1,"yes, registered",yes,good,divorced/separated/married,female,2,1
86,0-200,18,critical account/other credits existing (not at this bank),furniture/equipment,1295,<100,<1 yr,4,none,1,savings agreement/life insurance,27,none,rent,2,skilled employee / official,1,none,yes,good,divorced/separated/married,female,1,1
87,0-200,36,existing credits paid back duly till now,education,12612,100-500,1-4 yrs,1,none,4,unknown/no property,47,none,free,1,skilled employee / official,2,"yes, registered",yes,bad,single,male,2,0
88,<0,18,existing credits paid back duly till now,car (new),2249,100-500,4-7 yrs,4,none,3,car or other,30,none,rent,1,management/ self-employed/highly qualified employee/ officer,2,"yes, registered",yes,good,single,male,3,1
89,<0,12,no credits taken / paid back duly,repairs,1108,<100,4-7 yrs,4,none,3,real estate,28,none,rent,2,skilled employee / official,1,none,yes,bad,single,male,3,0
90,No account,12,critical account/other credits existing (not at this bank),radio/television,618,<100,>7 yrs,4,none,4,real estate,56,none,rent,1,skilled employee / official,1,none,yes,good,single,male,4,1
91,<0,12,critical account/other credits existing (not at this bank),car (used),1409,<100,>7 yrs,4,none,3,real estate,54,none,rent,1,skilled employee / official,1,none,yes,good,single,male,4,1
92,No account,12,critical account/other credits existing (not at this bank),radio/television,797,unknown/no savings account,>7 yrs,4,none,3,savings agreement/life insurance,33,bank,rent,1,unskilled - resident,2,none,yes,bad,divorced/separated/married,female,4,0
93,>=200,24,critical account/other credits existing (not at this bank),furniture/equipment,3617,unknown/no savings account,>7 yrs,4,co-applicant,4,unknown/no property,20,none,own,2,skilled employee / official,1,none,yes,good,single,male,4,1
94,0-200,12,existing credits paid back duly till now,car (new),1318,>=1000,>7 yrs,4,none,4,real estate,54,none,rent,1,skilled employee / official,1,"yes, registered",yes,good,single,male,4,1
95,0-200,54,no credits taken / paid back duly,business,15945,<100,<1 yr,3,none,4,unknown/no property,58,none,own,1,skilled employee / official,1,"yes, registered",yes,bad,single,male,1,0
96,No account,12,critical account/other credits existing (not at this bank),education,2012,unknown/no savings account,4-7 yrs,4,none,2,car or other,61,none,rent,1,skilled employee / official,1,none,yes,good,divorced/separated/married,female,3,1
97,0-200,18,existing credits paid back duly till now,business,2622,100-500,1-4 yrs,4,none,4,car or other,34,none,rent,1,skilled employee / official,1,none,yes,good,single,male,2,1
98,0-200,36,critical account/other credits existing (not at this bank),radio/television,2337,<100,>7 yrs,4,none,4,real estate,36,none,rent,1,skilled employee / official,1,none,yes,good,single,male,4,1
99,0-200,20,delay in paying off in the past,car (used),7057,unknown/no savings account,4-7 yrs,3,none,4,savings agreement/life insurance,36,bank,own,2,management/ self-employed/highly qualified employee/ officer,2,"yes, registered",yes,good,single,male,3,1
100,No account,24,existing credits paid back duly till now,car (new),1469,100-500,>7 yrs,4,none,4,real estate,41,none,own,1,unskilled - resident,1,none,yes,good,married/widowed,male,4,1
101,0-200,36,existing credits paid back duly till now,radio/television,2323,<100,4-7 yrs,4,none,4,car or other,24,none,own,1,skilled employee / official,1,none,yes,good,single,male,3,1
102,No account,6,delay in paying off in the past,radio/television,932,<100,1-4 yrs,3,none,2,real estate,24,none,rent,1,skilled employee / official,1,none,yes,good,divorced/separated/married,female,2,1
103,0-200,9,critical account/other credits existing (not at this bank),furniture/equipment,1919,<100,4-7 yrs,4,none,3,car or other,35,none,own,1,skilled employee / official,1,"yes, registered",yes,good,single,male,3,1
104,No account,12,existing credits paid back duly till now,car (used),2445,unknown/no savings account,<1 yr,2,none,4,car or other,26,none,own,1,skilled employee / official,1,"yes, registered",yes,good,married/widowed,male,1,1
105,0-200,24,critical account/other credits existing (not at this bank),others,11938,<100,1-4 yrs,2,co-applicant,3,car or other,39,none,rent,2,management/ self-employed/highly qualified employee/ officer,2,"yes, registered",yes,bad,single,male,2,0
106,No account,18,all credits at this bank paid back duly,car (new),6458,<100,>7 yrs,2,none,4,unknown/no property,39,bank,rent,2,management/ self-employed/highly qualified employee/ officer,2,"yes, registered",yes,bad,single,male,4,0
107,0-200,12,existing credits paid back duly till now,car (new),6078,<100,4-7 yrs,2,none,2,car or other,32,none,rent,1,skilled employee / official,1,none,yes,good,single,male,3,1
108,<0,24,existing credits paid back duly till now,furniture/equipment,7721,unknown/no savings account,<1 yr,1,none,2,savings agreement/life insurance,30,none,rent,1,skilled employee / official,1,"yes, registered",no,good,divorced/separated/married,female,1,1
109,0-200,14,existing credits paid back duly till now,business,1410,500-1000,>7 yrs,1,none,2,real estate,35,none,rent,1,skilled employee / official,1,"yes, registered",yes,good,married/widowed,male,4,1
110,0-200,6,delay in paying off in the past,business,1449,100-500,>7 yrs,1,none,2,car or other,31,bank,rent,2,skilled employee / official,2,none,yes,good,divorced/separated,male,4,1
111,>=200,15,existing credits paid back duly till now,education,392,<100,<1 yr,4,none,4,savings agreement/life insurance,23,none,own,1,skilled employee / official,1,"yes, registered",yes,good,divorced/separated/married,female,1,1
112,0-200,18,existing credits paid back duly till now,car (new),6260,<100,4-7 yrs,3,none,3,real estate,28,none,own,1,unskilled - resident,1,none,yes,good,single,male,3,1
113,No account,36,critical account/other credits existing (not at this bank),car (new),7855,<100,1-4 yrs,4,none,2,real estate,25,stores,rent,2,skilled employee / official,1,"yes, registered",yes,bad,divorced/separated/married,female,2,0
114,<0,12,existing credits paid back duly till now,radio/television,1680,500-1000,>7 yrs,3,none,1,real estate,35,none,rent,1,skilled employee / official,1,none,yes,good,married/widowed,male,4,1
115,No account,48,critical account/other credits existing (not at this bank),radio/television,3578,unknown/no savings account,>7 yrs,4,none,1,real estate,47,none,rent,1,skilled employee / official,1,"yes, registered",yes,good,single,male,4,1
116,<0,42,existing credits paid back duly till now,radio/television,7174,unknown/no savings account,4-7 yrs,4,none,3,car or other,30,none,rent,1,management/ self-employed/highly qualified employee/ officer,1,"yes, registered",yes,bad,divorced/separated/married,female,3,0
117,<0,10,critical account/other credits existing (not at this bank),furniture/equipment,2132,unknown/no savings account,<1 yr,2,co-applicant,3,real estate,27,none,own,2,skilled employee / official,1,none,no,good,divorced/separated/married,female,1,1
118,<0,33,critical account/other credits existing (not at this bank),furniture/equipment,4281,500-1000,1-4 yrs,1,none,4,car or other,23,none,rent,2,skilled employee / official,1,none,yes,bad,divorced/separated/married,female,2,0
119,0-200,12,critical account/other credits existing (not at this bank),car (new),2366,500-1000,4-7 yrs,3,none,3,car or other,36,none,rent,1,management/ self-employed/highly qualified employee/ officer,1,"yes, registered",yes,good,divorced/separated,male,3,1
120,<0,21,existing credits paid back duly till now,radio/television,1835,<100,1-4 yrs,3,none,2,real estate,25,none,rent,2,skilled employee / official,1,"yes, registered",yes,bad,divorced/separated/married,female,2,0
121,No account,24,critical account/other credits existing (not at this bank),car (used),3868,<100,>7 yrs,4,none,2,car or other,41,none,own,2,management/ self-employed/highly qualified employee/ officer,1,"yes, registered",yes,good,divorced/separated/married,female,4,1
122,No account,12,existing credits paid back duly till now,furniture/equipment,1768,<100,1-4 yrs,3,none,2,real estate,24,none,own,1,unskilled - resident,1,none,yes,good,single,male,2,1
123,>=200,10,critical account/other credits existing (not at this bank),car (new),781,<100,>7 yrs,4,none,4,unknown/no property,63,none,free,2,skilled employee / official,1,"yes, registered",yes,good,single,male,4,1
124,0-200,18,existing credits paid back duly till now,furniture/equipment,1924,unknown/no savings account,<1 yr,4,none,3,real estate,27,none,own,1,skilled employee / official,1,none,yes,bad,divorced/separated/married,female,1,0
125,<0,12,critical account/other credits existing (not at this bank),car (new),2121,<100,1-4 yrs,4,none,2,savings agreement/life insurance,30,none,rent,2,skilled employee / official,1,none,yes,good,single,male,2,1
126,<0,12,existing credits paid back duly till now,radio/television,701,<100,1-4 yrs,4,none,2,real estate,40,none,rent,1,unskilled - resident,1,none,yes,good,married/widowed,male,2,1
127,0-200,12,existing credits paid back duly till now,repairs,639,<100,1-4 yrs,4,none,2,car or other,30,none,rent,1,skilled employee / official,1,none,yes,bad,single,male,2,0
128,0-200,12,critical account/other credits existing (not at this bank),car (used),1860,<100,unemployed,4,none,2,car or other,34,none,rent,2,management/ self-employed/highly qualified employee/ officer,1,"yes, registered",yes,good,single,male,0,1
129,<0,12,critical account/other credits existing (not at this bank),car (new),3499,<100,1-4 yrs,3,co-applicant,2,real estate,29,none,rent,2,skilled employee / official,1,none,yes,bad,divorced/separated/married,female,2,0
130,0-200,48,existing credits paid back duly till now,car (new),8487,unknown/no savings account,4-7 yrs,1,none,2,car or other,24,none,rent,1,skilled employee / official,1,none,yes,good,divorced/separated/married,female,3,1
131,<0,36,delay in paying off in the past,education,6887,<100,1-4 yrs,4,none,3,savings agreement/life insurance,29,stores,rent,1,skilled employee / official,1,"yes, registered",yes,bad,single,male,2,0
132,No account,15,existing credits paid back duly till now,furniture/equipment,2708,<100,<1 yr,2,none,3,savings agreement/life insurance,27,bank,rent,2,unskilled - resident,1,none,yes,good,single,male,1,1
133,No account,18,existing credits paid back duly till now,furniture/equipment,1984,<100,1-4 yrs,4,none,4,unknown/no property,47,bank,free,2,skilled employee / official,1,none,yes,good,single,male,2,1
134,No account,60,existing credits paid back duly till now,radio/television,10144,100-500,4-7 yrs,2,none,4,real estate,21,none,rent,1,skilled employee / official,1,"yes, registered",yes,good,divorced/separated/married,female,3,1
135,No account,12,critical account/other credits existing (not at this bank),radio/television,1240,unknown/no savings account,>7 yrs,4,none,2,real estate,38,none,rent,2,skilled employee / official,1,"yes, registered",yes,good,divorced/separated/married,female,4,1
136,No account,27,delay in paying off in the past,car (used),8613,>=1000,1-4 yrs,2,none,2,car or other,27,none,rent,2,skilled employee / official,1,none,yes,good,single,male,2,1
137,0-200,12,existing credits paid back duly till now,radio/television,766,500-1000,1-4 yrs,4,none,3,real estate,66,none,rent,1,unskilled - resident,1,none,yes,bad,single,male,2,0
138,0-200,15,critical account/other credits existing (not at this bank),radio/television,2728,unknown/no savings account,4-7 yrs,4,guarantor,2,real estate,35,bank,rent,3,skilled employee / official,1,"yes, registered",yes,good,single,male,3,1
139,>=200,12,existing credits paid back duly till now,radio/television,1881,<100,1-4 yrs,2,none,2,car or other,44,none,own,1,unskilled - resident,1,"yes, registered",yes,good,divorced/separated/married,female,2,1
140,>=200,6,existing credits paid back duly till now,car (new),709,>=1000,<1 yr,2,none,2,real estate,27,none,rent,1,unemployed/ unskilled - non-resident,1,none,no,good,married/widowed,male,1,1
141,0-200,36,existing credits paid back duly till now,radio/television,4795,<100,<1 yr,4,none,1,unknown/no property,30,none,rent,1,management/ self-employed/highly qualified employee/ officer,1,"yes, registered",yes,good,divorced/separated/married,female,1,1
142,<0,27,existing credits paid back duly till now,radio/television,3416,<100,1-4 yrs,3,none,2,car or other,27,none,rent,1,management/ self-employed/highly qualified employee/ officer,1,none,yes,good,single,male,2,1
143,<0,18,existing credits paid back duly till now,furniture/equipment,2462,<100,1-4 yrs,2,none,2,car or other,22,none,rent,1,skilled employee / official,1,none,yes,bad,single,male,2,0
144,No account,21,critical account/other credits existing (not at this bank),furniture/equipment,2288,<100,<1 yr,4,none,4,savings agreement/life insurance,23,none,rent,1,skilled employee / official,1,"yes, registered",yes,good,divorced/separated/married,female,1,1
145,0-200,48,all credits at this bank paid back duly,business,3566,100-500,4-7 yrs,4,none,2,car or other,30,none,rent,1,skilled employee / official,1,none,yes,good,single,male,3,1
146,<0,6,critical account/other credits existing (not at this bank),car (new),860,<100,>7 yrs,1,none,4,unknown/no property,39,none,rent,2,skilled employee / official,1,"yes, registered",yes,good,divorced/separated/married,female,4,1
147,No account,12,critical account/other credits existing (not at this bank),car (new),682,100-500,4-7 yrs,4,none,3,car or other,51,none,rent,2,skilled employee / official,1,"yes, registered",yes,good,divorced/separated/married,female,3,1
148,<0,36,critical account/other credits existing (not at this bank),furniture/equipment,5371,<100,1-4 yrs,3,guarantor,2,savings agreement/life insurance,28,none,rent,2,skilled employee / official,1,none,yes,good,single,male,2,1
149,No account,18,critical account/other credits existing (not at this bank),radio/television,1582,>=1000,>7 yrs,4,none,4,car or other,46,none,rent,2,skilled employee / official,1,none,yes,good,single,male,4,1
150,No account,6,existing credits paid back duly till now,radio/television,1346,100-500,>7 yrs,2,none,4,unknown/no property,42,bank,free,1,skilled employee / official,2,"yes, registered",yes,good,single,male,4,1
151,No account,10,existing credits paid back duly till now,radio/television,1924,<100,1-4 yrs,1,none,4,savings agreement/life insurance,38,none,rent,1,skilled employee / official,1,"yes, registered",no,good,single,male,2,1
152,>=200,36,existing credits paid back duly till now,radio/television,5848,<100,1-4 yrs,4,none,1,car or other,24,none,rent,1,skilled employee / official,1,none,yes,good,single,male,2,1
153,0-200,24,critical account/other credits existing (not at this bank),car (used),7758,>=1000,>7 yrs,2,none,4,unknown/no property,29,none,own,1,skilled employee / official,1,none,yes,good,divorced/separated/married,female,4,1
154,0-200,24,delay in paying off in the past,business,6967,100-500,4-7 yrs,4,none,4,car or other,36,none,own,1,management/ self-employed/highly qualified employee/ officer,1,"yes, registered",yes,good,single,male,3,1
155,<0,12,existing credits paid back duly till now,furniture/equipment,1282,<100,1-4 yrs,2,none,4,car or other,20,none,own,1,skilled employee / official,1,none,yes,bad,divorced/separated/married,female,2,0
156,<0,9,critical account/other credits existing (not at this bank),repairs,1288,100-500,>7 yrs,3,guarantor,4,real estate,48,none,rent,2,skilled employee / official,2,none,no,good,single,male,4,1
157,<0,12,all credits at this bank paid back duly,retraining,339,<100,>7 yrs,4,none,1,car or other,45,bank,rent,1,unskilled - resident,1,none,yes,good,married/widowed,male,4,1
158,0-200,24,existing credits paid back duly till now,car (new),3512,100-500,4-7 yrs,2,none,3,car or other,38,bank,rent,2,skilled employee / official,1,"yes, registered",yes,good,single,male,3,1
159,No account,6,critical account/other credits existing (not at this bank),radio/television,1898,unknown/no savings account,1-4 yrs,1,none,2,real estate,34,none,rent,2,unskilled - resident,2,none,yes,good,single,male,2,1
160,No account,24,critical account/other credits existing (not at this bank),radio/television,2872,100-500,>7 yrs,3,none,4,real estate,36,none,rent,1,skilled employee / official,2,"yes, registered",yes,good,single,male,4,1
161,No account,18,critical account/other credits existing (not at this bank),car (new),1055,<100,<1 yr,4,none,1,savings agreement/life insurance,30,none,rent,2,skilled employee / official,1,none,yes,good,divorced/separated/married,female,1,1
162,No account,15,existing credits paid back duly till now,domestic appliances,1262,500-1000,4-7 yrs,4,none,3,savings agreement/life insurance,36,none,rent,2,skilled employee / official,1,"yes, registered",yes,good,single,male,3,1
163,0-200,10,existing credits paid back duly till now,car (new),7308,<100,unemployed,2,none,4,unknown/no property,70,bank,free,1,management/ self-employed/highly qualified employee/ officer,1,"yes, registered",yes,good,single,male,0,1
164,No account,36,existing credits paid back duly till now,car (new),909,500-1000,>7 yrs,4,none,4,savings agreement/life insurance,36,none,rent,1,skilled employee / official,1,none,yes,good,single,male,4,1
165,No account,6,existing credits paid back duly till now,furniture/equipment,2978,500-1000,1-4 yrs,1,none,2,car or other,32,none,rent,1,skilled employee / official,1,"yes, registered",yes,good,single,male,2,1
166,<0,18,existing credits paid back duly till now,furniture/equipment,1131,<100,unemployed,4,none,2,car or other,33,none,rent,1,skilled employee / official,1,none,yes,bad,divorced/separated/married,female,0,0
167,0-200,11,existing credits paid back duly till now,furniture/equipment,1577,>=1000,<1 yr,4,none,1,real estate,20,none,rent,1,skilled employee / official,1,none,yes,good,divorced/separated/married,female,1,1
168,No account,24,existing credits paid back duly till now,furniture/equipment,3972,<100,4-7 yrs,2,none,4,savings agreement/life insurance,25,none,own,1,skilled employee / official,1,"yes, registered",yes,good,divorced/separated/married,female,3,1
169,0-200,24,critical account/other credits existing (not at this bank),business,1935,<100,>7 yrs,4,none,4,real estate,31,none,rent,2,skilled employee / official,1,"yes, registered",yes,bad,divorced/separated,male,4,0
170,<0,15,no credits taken / paid back duly,car (new),950,<100,>7 yrs,4,none,3,car or other,33,none,own,2,skilled employee / official,2,none,yes,bad,single,male,4,0
171,No account,12,existing credits paid back duly till now,furniture/equipment,763,<100,1-4 yrs,4,none,1,real estate,26,none,rent,1,skilled employee / official,1,"yes, registered",yes,good,divorced/separated/married,female,2,1
172,0-200,24,delay in paying off in the past,furniture/equipment,2064,<100,unemployed,3,none,2,savings agreement/life insurance,34,none,rent,1,management/ self-employed/highly qualified employee/ officer,1,"yes, registered",yes,bad,divorced/separated/married,female,0,0
173,0-200,8,existing credits paid back duly till now,radio/television,1414,<100,1-4 yrs,4,guarantor,2,real estate,33,none,rent,1,skilled employee / official,1,none,no,good,single,male,2,1
174,<0,21,delay in paying off in the past,education,3414,<100,<1 yr,2,none,1,savings agreement/life insurance,26,none,rent,2,skilled employee / official,1,none,yes,bad,single,male,1,0
175,No account,30,all credits at this bank paid back duly,car (used),7485,unknown/no savings account,unemployed,4,none,1,real estate,53,bank,rent,1,management/ self-employed/highly qualified employee/ officer,1,"yes, registered",yes,bad,divorced/separated/married,female,0,0
176,<0,12,existing credits paid back duly till now,furniture/equipment,2577,<100,1-4 yrs,2,none,1,car or other,42,none,rent,1,skilled employee / official,1,none,yes,good,divorced/separated,male,2,1
177,<0,6,critical account/other credits existing (not at this bank),radio/television,338,500-1000,>7 yrs,4,none,4,car or other,52,none,rent,2,skilled employee / official,1,none,yes,good,single,male,4,1
178,No account,12,existing credits paid back duly till now,radio/television,1963,<100,4-7 yrs,4,none,2,car or other,31,none,own,2,management/ self-employed/highly qualified employee/ officer,2,"yes, registered",yes,good,single,male,3,1
179,<0,21,critical account/other credits existing (not at this bank),car (new),571,<100,>7 yrs,4,none,4,real estate,65,none,rent,2,skilled employee / official,1,none,yes,good,single,male,4,1
180,No account,36,delay in paying off in the past,business,9572,<100,<1 yr,1,none,1,car or other,28,none,rent,2,skilled employee / official,1,none,yes,bad,divorced/separated,male,1,0
181,0-200,36,delay in paying off in the past,business,4455,<100,1-4 yrs,2,none,2,real estate,30,stores,rent,2,management/ self-employed/highly qualified employee/ officer,1,"yes, registered",yes,bad,divorced/separated,male,2,0
182,<0,21,all credits at this bank paid back duly,car (new),1647,unknown/no savings account,1-4 yrs,4,none,2,savings agreement/life insurance,40,none,rent,2,unskilled - resident,2,none,yes,bad,single,male,2,0
183,No account,24,critical account/other credits existing (not at this bank),furniture/equipment,3777,>=1000,1-4 yrs,4,none,4,real estate,50,none,rent,1,skilled employee / official,1,"yes, registered",yes,good,single,male,2,1
184,0-200,18,critical account/other credits existing (not at this bank),car (new),884,<100,>7 yrs,4,none,4,car or other,36,bank,rent,1,skilled employee / official,2,"yes, registered",yes,bad,single,male,4,0
185,No account,15,critical account/other credits existing (not at this bank),radio/television,1360,<100,1-4 yrs,4,none,2,savings agreement/life insurance,31,none,rent,2,skilled employee / official,1,none,yes,good,single,male,2,1
186,0-200,9,all credits at this bank paid back duly,car (used),5129,<100,>7 yrs,2,none,4,unknown/no property,74,bank,free,1,management/ self-employed/highly qualified employee/ officer,2,"yes, registered",yes,bad,divorced/separated/married,female,4,0
187,0-200,16,critical account/other credits existing (not at this bank),car (new),1175,<100,unemployed,2,none,3,car or other,68,none,free,3,unemployed/ unskilled - non-resident,1,"yes, registered",yes,good,single,male,0,1
188,<0,12,existing credits paid back duly till now,radio/television,674,100-500,4-7 yrs,4,none,1,savings agreement/life insurance,20,none,rent,1,skilled employee / official,1,none,yes,bad,married/widowed,male,3,0
189,0-200,18,no credits taken / paid back duly,furniture/equipment,3244,<100,1-4 yrs,1,none,4,car or other,33,bank,rent,2,skilled employee / official,1,"yes, registered",yes,good,divorced/separated/married,female,2,1
190,No account,24,existing credits paid back duly till now,business,4591,>=1000,1-4 yrs,2,none,3,savings agreement/life insurance,54,none,rent,3,management/ self-employed/highly qualified employee/ officer,1,"yes, registered",yes,bad,single,male,2,0
191,0-200,48,no credits taken / paid back duly,business,3844,100-500,4-7 yrs,4,none,4,unknown/no property,34,none,free,1,unskilled - resident,2,none,yes,bad,single,male,3,0
192,0-200,27,existing credits paid back duly till now,business,3915,<100,1-4 yrs,4,none,2,car or other,36,none,rent,1,skilled employee / official,2,"yes, registered",yes,bad,single,male,2,0
193,No account,6,existing credits paid back duly till now,radio/television,2108,<100,4-7 yrs,2,none,2,real estate,29,none,own,1,skilled employee / official,1,none,yes,good,married/widowed,male,3,1
194,0-200,45,existing credits paid back duly till now,radio/television,3031,100-500,1-4 yrs,4,guarantor,4,savings agreement/life insurance,21,none,own,1,skilled employee / official,1,none,yes,bad,single,male,2,0
195,0-200,9,critical account/other credits existing (not at this bank),education,1501,<100,>7 yrs,2,none,3,car or other,34,none,rent,2,management/ self-employed/highly qualified employee/ officer,1,"yes, registered",yes,bad,divorced/separated/married,female,4,0
196,No account,6,critical account/other credits existing (not at this bank),radio/television,1382,<100,1-4 yrs,1,none,1,car or other,28,none,rent,2,skilled employee / official,1,"yes, registered",yes,good,divorced/separated/married,female,2,1
197,0-200,12,existing credits paid back duly till now,furniture/equipment,951,100-500,<1 yr,4,none,4,car or other,27,bank,own,4,skilled employee / official,1,none,yes,bad,divorced/separated/married,female,1,0
198,0-200,24,existing credits paid back duly till now,car (used),2760,unknown/no savings account,>7 yrs,4,none,4,unknown/no property,36,bank,free,1,skilled employee / official,1,"yes, registered",yes,good,single,male,4,1
199,0-200,18,delay in paying off in the past,furniture/equipment,4297,<100,>7 yrs,4,none,3,unknown/no property,40,none,rent,1,management/ self-employed/highly qualified employee/ officer,1,"yes, registered",yes,bad,divorced/separated,male,4,0
200,No account,9,critical account/other credits existing (not at this bank),education,936,500-1000,>7 yrs,4,none,2,car or other,52,none,rent,2,skilled employee / official,1,"yes, registered",yes,good,single,male,4,1
201,<0,12,existing credits paid back duly till now,car (new),1168,<100,1-4 yrs,4,none,3,real estate,27,none,rent,1,unskilled - resident,1,none,yes,good,married/widowed,male,2,1
202,No account,27,delay in paying off in the past,business,5117,<100,4-7 yrs,3,none,4,car or other,26,none,rent,2,skilled employee / official,1,none,yes,good,single,male,3,1
203,<0,12,existing credits paid back duly till now,retraining,902,<100,4-7 yrs,4,none,4,savings agreement/life insurance,21,none,own,1,skilled employee / official,1,none,yes,bad,married/widowed,male,3,0
204,No account,12,critical account/other credits existing (not at this bank),car (new),1495,<100,>7 yrs,4,none,1,real estate,38,none,rent,2,unskilled - resident,2,none,yes,good,single,male,4,1
205,<0,30,critical account/other credits existing (not at this bank),car (used),10623,<100,>7 yrs,3,none,4,unknown/no property,38,none,free,3,management/ self-employed/highly qualified employee/ officer,2,"yes, registered",yes,good,single,male,4,1
206,No account,12,critical account/other credits existing (not at this bank),furniture/equipment,1935,<100,>7 yrs,4,none,4,real estate,43,none,rent,3,skilled employee / official,1,"yes, registered",yes,good,single,male,4,1
207,0-200,12,critical account/other credits existing (not at this bank),domestic appliances,1424,<100,4-7 yrs,4,none,3,savings agreement/life insurance,26,none,rent,1,skilled employee / official,1,none,yes,good,single,male,3,1
208,<0,24,existing credits paid back duly till now,business,6568,<100,1-4 yrs,2,none,2,car or other,21,stores,rent,1,unskilled - resident,1,none,yes,good,married/widowed,male,2,1
209,No account,12,existing credits paid back duly till now,car (used),1413,>=1000,4-7 yrs,3,none,2,savings agreement/life insurance,55,none,rent,1,skilled employee / official,1,none,no,good,single,male,3,1
210,No account,9,critical account/other credits existing (not at this bank),radio/television,3074,unknown/no savings account,1-4 yrs,1,none,2,real estate,33,none,rent,2,skilled employee / official,2,none,yes,good,single,male,2,1
211,No account,36,existing credits paid back duly till now,radio/television,3835,unknown/no savings account,>7 yrs,2,none,4,real estate,45,none,rent,1,unskilled - resident,1,"yes, registered",yes,good,divorced/separated/married,female,4,1
212,<0,27,no credits taken / paid back duly,business,5293,<100,unemployed,2,none,4,savings agreement/life insurance,50,stores,rent,2,skilled employee / official,1,"yes, registered",yes,bad,single,male,0,0
213,>=200,30,delay in paying off in the past,business,1908,<100,>7 yrs,4,none,4,real estate,66,none,rent,1,management/ self-employed/highly qualified employee/ officer,1,"yes, registered",yes,bad,single,male,4,0
214,No account,36,critical account/other credits existing (not at this bank),radio/television,3342,unknown/no savings account,>7 yrs,4,none,2,car or other,51,none,rent,1,skilled employee / official,1,"yes, registered",yes,good,single,male,4,1
215,0-200,6,critical account/other credits existing (not at this bank),retraining,932,unknown/no savings account,4-7 yrs,1,none,3,savings agreement/life insurance,39,none,rent,2,unskilled - resident,1,none,yes,good,divorced/separated/married,female,3,1
216,<0,18,no credits taken / paid back duly,business,3104,<100,4-7 yrs,3,none,1,savings agreement/life insurance,31,bank,rent,1,skilled employee / official,1,"yes, registered",yes,good,single,male,3,1
217,>=200,36,existing credits paid back duly till now,radio/television,3913,<100,1-4 yrs,2,none,2,real estate,23,none,rent,1,skilled employee / official,1,"yes, registered",yes,good,single,male,2,1
218,<0,24,existing credits paid back duly till now,furniture/equipment,3021,<100,1-4 yrs,2,none,2,real estate,24,none,own,1,unskilled - resident,1,none,yes,good,divorced/separated,male,2,1
219,No account,10,existing credits paid back duly till now,car (new),1364,<100,1-4 yrs,2,none,4,car or other,64,none,rent,1,skilled employee / official,1,"yes, registered",yes,good,divorced/separated/married,female,2,1
220,0-200,12,existing credits paid back duly till now,radio/television,625,<100,<1 yr,4,guarantor,1,real estate,26,bank,rent,1,unskilled - resident,1,none,yes,good,married/widowed,male,1,1
221,<0,12,existing credits paid back duly till now,education,1200,unknown/no savings account,1-4 yrs,4,none,4,savings agreement/life insurance,23,bank,own,1,skilled employee / official,1,"yes, registered",yes,good,divorced/separated/married,female,2,1
222,No account,12,existing credits paid back duly till now,radio/television,707,<100,1-4 yrs,4,none,2,real estate,30,bank,rent,2,skilled employee / official,1,none,yes,good,single,male,2,1
223,No account,24,delay in paying off in the past,business,2978,unknown/no savings account,1-4 yrs,4,none,4,real estate,32,none,rent,2,skilled employee / official,2,"yes, registered",yes,good,single,male,2,1
224,No account,15,existing credits paid back duly till now,car (used),4657,<100,1-4 yrs,3,none,2,car or other,30,none,rent,1,skilled employee / official,1,"yes, registered",yes,good,single,male,2,1
225,No account,36,no credits taken / paid back duly,repairs,2613,<100,1-4 yrs,4,none,2,car or other,27,none,rent,2,skilled employee / official,1,none,yes,good,single,male,2,1
226,0-200,48,existing credits paid back duly till now,radio/television,10961,>=1000,4-7 yrs,1,co-applicant,2,unknown/no property,27,bank,rent,2,skilled employee / official,1,"yes, registered",yes,bad,single,male,3,0
227,<0,12,existing credits paid back duly till now,furniture/equipment,7865,<100,>7 yrs,4,none,4,unknown/no property,53,none,free,1,management/ self-employed/highly qualified employee/ officer,1,"yes, registered",yes,bad,single,male,4,0
228,No account,9,existing credits paid back duly till now,radio/television,1478,<100,4-7 yrs,4,none,2,car or other,22,none,rent,1,skilled employee / official,1,none,yes,bad,single,male,3,0
229,<0,24,existing credits paid back duly till now,furniture/equipment,3149,<100,<1 yr,4,none,1,unknown/no property,22,bank,free,1,skilled employee / official,1,none,yes,good,single,male,1,1
230,>=200,36,existing credits paid back duly till now,radio/television,4210,<100,1-4 yrs,4,none,2,car or other,26,none,rent,1,skilled employee / official,1,none,yes,bad,single,male,2,0
231,No account,9,existing credits paid back duly till now,car (new),2507,500-1000,>7 yrs,2,none,4,unknown/no property,51,none,free,1,unskilled - resident,1,none,yes,good,single,male,4,1
232,No account,12,existing credits paid back duly till now,radio/television,2141,100-500,4-7 yrs,3,none,1,unknown/no property,35,none,rent,1,skilled employee / official,1,none,yes,good,single,male,3,1
233,0-200,18,existing credits paid back duly till now,radio/television,866,<100,1-4 yrs,4,guarantor,2,real estate,25,none,rent,1,unskilled - resident,1,none,yes,good,married/widowed,male,2,1
234,No account,4,critical account/other credits existing (not at this bank),radio/television,1544,<100,4-7 yrs,2,none,1,real estate,42,none,rent,3,unskilled - resident,2,none,yes,good,single,male,3,1
235,<0,24,existing credits paid back duly till now,radio/television,1823,<100,unemployed,4,none,2,car or other,30,stores,rent,1,management/ self-employed/highly qualified employee/ officer,2,none,yes,bad,single,male,0,0
236,0-200,6,existing credits paid back duly till now,car (new),14555,unknown/no savings account,unemployed,1,none,2,savings agreement/life insurance,23,none,rent,1,unemployed/ unskilled - non-resident,1,"yes, registered",yes,bad,single,male,0,0
237,0-200,21,existing credits paid back duly till now,business,2767,100-500,>7 yrs,4,none,2,car or other,61,bank,own,2,unskilled - resident,1,none,yes,bad,divorced/separated,male,4,0
238,No account,12,critical account/other credits existing (not at this bank),radio/television,1291,<100,1-4 yrs,4,none,2,savings agreement/life insurance,35,none,rent,2,skilled employee / official,1,none,yes,good,divorced/separated/married,female,2,1
239,<0,30,existing credits paid back duly till now,radio/television,2522,<100,>7 yrs,1,guarantor,3,savings agreement/life insurance,39,none,rent,1,skilled employee / official,2,none,yes,good,single,male,4,1
240,<0,24,existing credits paid back duly till now,car (new),915,unknown/no savings account,>7 yrs,4,none,2,car or other,29,bank,rent,1,skilled employee / official,1,none,yes,bad,divorced/separated/married,female,4,0
241,No account,6,existing credits paid back duly till now,radio/television,1595,<100,4-7 yrs,3,none,2,savings agreement/life insurance,51,none,rent,1,skilled employee / official,2,none,yes,good,single,male,3,1
242,<0,48,no credits taken / paid back duly,car (used),4605,<100,>7 yrs,3,none,4,unknown/no property,24,none,free,2,skilled employee / official,2,none,yes,bad,single,male,4,0
243,No account,12,critical account/other credits existing (not at this bank),business,1185,<100,1-4 yrs,3,none,2,real estate,27,none,rent,2,skilled employee / official,1,none,yes,good,divorced/separated/married,female,2,1
244,No account,12,all credits at this bank paid back duly,retraining,3447,500-1000,1-4 yrs,4,none,3,real estate,35,none,rent,1,unskilled - resident,2,none,yes,good,divorced/separated/married,female,2,1
245,No account,24,existing credits paid back duly till now,business,1258,<100,4-7 yrs,4,none,1,real estate,25,none,rent,1,skilled employee / official,1,"yes, registered",yes,good,single,male,3,1
246,No account,12,critical account/other credits existing (not at this bank),radio/television,717,<100,>7 yrs,4,none,4,real estate,52,none,rent,3,skilled employee / official,1,none,yes,good,single,male,4,1
247,No account,6,no credits taken / paid back duly,car (new),1204,100-500,1-4 yrs,4,none,1,unknown/no property,35,bank,own,1,skilled employee / official,1,none,no,good,single,male,2,1
248,>=200,24,existing credits paid back duly till now,furniture/equipment,1925,<100,1-4 yrs,2,none,2,real estate,26,none,rent,1,skilled employee / official,1,none,yes,good,single,male,2,1
249,No account,18,existing credits paid back duly till now,radio/television,433,<100,unemployed,3,co-applicant,4,real estate,22,none,own,1,skilled employee / official,1,none,yes,bad,divorced/separated/married,female,0,0
250,<0,6,critical account/other credits existing (not at this bank),car (new),666,>=1000,4-7 yrs,3,none,4,real estate,39,none,rent,2,unskilled - resident,1,"yes, registered",yes,good,divorced/separated/married,female,3,1
251,>=200,12,existing credits paid back duly till now,furniture/equipment,2251,<100,1-4 yrs,1,none,2,car or other,46,none,rent,1,unskilled - resident,1,none,yes,good,divorced/separated/married,female,2,1
252,0-200,30,existing credits paid back duly till now,car (new),2150,<100,1-4 yrs,4,guarantor,2,unknown/no property,24,bank,rent,1,skilled employee / official,1,none,yes,bad,divorced/separated/married,female,2,0
253,No account,24,delay in paying off in the past,furniture/equipment,4151,100-500,1-4 yrs,2,none,3,savings agreement/life insurance,35,none,rent,2,skilled employee / official,1,none,yes,good,single,male,2,1
254,0-200,9,existing credits paid back duly till now,furniture/equipment,2030,unknown/no savings account,4-7 yrs,2,none,1,car or other,24,none,rent,1,skilled employee / official,1,"yes, registered",yes,good,single,male,3,1
255,0-200,60,delay in paying off in the past,radio/television,7418,unknown/no savings account,1-4 yrs,1,none,1,real estate,27,none,rent,1,unskilled - resident,1,none,yes,good,single,male,2,1
256,No account,24,critical account/other credits existing (not at this bank),radio/television,2684,<100,1-4 yrs,4,none,2,real estate,35,none,rent,2,unskilled - resident,1,none,yes,good,single,male,2,1
257,<0,12,all credits at this bank paid back duly,radio/television,2149,<100,1-4 yrs,4,none,1,unknown/no property,29,none,free,1,skilled employee / official,1,none,yes,bad,divorced/separated,male,2,0
258,No account,15,existing credits paid back duly till now,car (used),3812,100-500,<1 yr,1,none,4,car or other,23,none,rent,1,skilled employee / official,1,"yes, registered",yes,good,divorced/separated/married,female,1,1
259,No account,11,critical account/other credits existing (not at this bank),radio/television,1154,100-500,unemployed,4,none,4,real estate,57,none,rent,3,unskilled - resident,1,none,yes,good,divorced/separated/married,female,0,1
260,<0,12,existing credits paid back duly till now,furniture/equipment,1657,<100,1-4 yrs,2,none,2,real estate,27,none,rent,1,skilled employee / official,1,none,yes,good,single,male,2,1
261,<0,24,existing credits paid back duly till now,radio/television,1603,<100,>7 yrs,4,none,4,car or other,55,none,rent,1,skilled employee / official,1,none,yes,good,divorced/separated/married,female,4,1
262,<0,18,critical account/other credits existing (not at this bank),car (new),5302,<100,>7 yrs,2,none,4,unknown/no property,36,none,free,3,management/ self-employed/highly qualified employee/ officer,1,"yes, registered",yes,good,single,male,4,1
263,No account,12,critical account/other credits existing (not at this bank),education,2748,<100,>7 yrs,2,none,4,unknown/no property,57,bank,free,3,unskilled - resident,1,none,yes,good,divorced/separated/married,female,4,1
264,No account,10,critical account/other credits existing (not at this bank),car (new),1231,<100,>7 yrs,3,none,4,real estate,32,none,rent,2,unskilled - resident,2,none,no,good,single,male,4,1
265,0-200,15,existing credits paid back duly till now,radio/television,802,<100,>7 yrs,4,none,3,car or other,37,none,rent,1,skilled employee / official,2,none,yes,bad,single,male,4,0
266,No account,36,critical account/other credits existing (not at this bank),business,6304,unknown/no savings account,>7 yrs,4,none,4,real estate,36,none,rent,2,skilled employee / official,1,none,yes,good,single,male,4,1
267,No account,24,existing credits paid back duly till now,radio/television,1533,<100,<1 yr,4,none,3,car or other,38,stores,rent,1,skilled employee / official,1,"yes, registered",yes,good,divorced/separated/married,female,1,1
268,<0,14,existing credits paid back duly till now,car (new),8978,<100,>7 yrs,1,none,4,savings agreement/life insurance,45,none,rent,1,management/ self-employed/highly qualified employee/ officer,1,"yes, registered",no,bad,divorced/separated,male,4,0
269,No account,24,existing credits paid back duly till now,radio/television,999,unknown/no savings account,>7 yrs,4,none,2,car or other,25,none,rent,2,skilled employee / official,1,none,yes,good,single,male,4,1
270,No account,18,existing credits paid back duly till now,car (new),2662,unknown/no savings account,4-7 yrs,4,none,3,savings agreement/life insurance,32,none,rent,1,skilled employee / official,1,none,no,good,single,male,3,1
271,No account,12,critical account/other credits existing (not at this bank),furniture/equipment,1402,500-1000,4-7 yrs,3,none,4,car or other,37,none,own,1,skilled employee / official,1,"yes, registered",yes,good,divorced/separated/married,female,3,1
272,0-200,48,all credits at this bank paid back duly,car (new),12169,unknown/no savings account,unemployed,4,co-applicant,4,unknown/no property,36,none,free,1,management/ self-employed/highly qualified employee/ officer,1,"yes, registered",yes,good,single,male,0,1
273,0-200,48,existing credits paid back duly till now,radio/television,3060,<100,4-7 yrs,4,none,4,real estate,28,none,rent,2,skilled employee / official,1,none,yes,bad,single,male,3,0
274,<0,30,existing credits paid back duly till now,repairs,11998,<100,<1 yr,1,none,1,unknown/no property,34,none,rent,1,unskilled - resident,1,"yes, registered",yes,bad,divorced/separated,male,1,0
275,No account,9,existing credits paid back duly till now,radio/television,2697,<100,1-4 yrs,1,none,2,real estate,32,none,rent,1,skilled employee / official,2,none,yes,good,single,male,2,1
276,No account,18,critical account/other credits existing (not at this bank),radio/television,2404,<100,1-4 yrs,2,none,2,car or other,26,none,rent,2,skilled employee / official,1,none,yes,good,divorced/separated/married,female,2,1
277,<0,12,existing credits paid back duly till now,furniture/equipment,1262,unknown/no savings account,>7 yrs,2,none,4,savings agreement/life insurance,49,none,rent,1,unskilled - resident,1,"yes, registered",yes,good,divorced/separated,male,4,1
278,No account,6,existing credits paid back duly till now,furniture/equipment,4611,<100,<1 yr,1,none,4,savings agreement/life insurance,32,none,rent,1,skilled employee / official,1,none,yes,bad,divorced/separated/married,female,1,0
279,No account,24,existing credits paid back duly till now,radio/television,1901,100-500,1-4 yrs,4,none,4,car or other,29,none,own,1,management/ self-employed/highly qualified employee/ officer,1,"yes, registered",yes,good,single,male,2,1
280,No account,15,critical account/other credits existing (not at this bank),car (used),3368,>=1000,>7 yrs,3,none,4,unknown/no property,23,none,own,2,skilled employee / official,1,"yes, registered",yes,good,single,male,4,1
281,No account,12,existing credits paid back duly till now,furniture/equipment,1574,<100,1-4 yrs,4,none,2,real estate,50,none,rent,1,skilled employee / official,1,none,yes,good,single,male,2,1
282,>=200,18,all credits at this bank paid back duly,radio/television,1445,unknown/no savings account,4-7 yrs,4,none,4,car or other,49,bank,rent,1,unskilled - resident,1,none,yes,good,single,male,3,1
283,No account,15,critical account/other credits existing (not at this bank),furniture/equipment,1520,unknown/no savings account,>7 yrs,4,none,4,savings agreement/life insurance,63,none,rent,1,skilled employee / official,1,none,yes,good,single,male,4,1
284,0-200,24,critical account/other credits existing (not at this bank),car (new),3878,100-500,<1 yr,4,none,2,car or other,37,none,rent,1,skilled employee / official,1,"yes, registered",yes,good,divorced/separated,male,1,1
285,<0,47,existing credits paid back duly till now,car (new),10722,<100,<1 yr,1,none,1,real estate,35,none,rent,1,unskilled - resident,1,"yes, registered",yes,good,divorced/separated/married,female,1,1
286,<0,48,existing credits paid back duly till now,car (used),4788,<100,4-7 yrs,4,none,3,savings agreement/life insurance,26,none,rent,1,skilled employee / official,2,none,yes,good,single,male,3,1
287,0-200,48,delay in paying off in the past,others,7582,100-500,unemployed,2,none,4,unknown/no property,31,none,free,1,management/ self-employed/highly qualified employee/ officer,1,"yes, registered",yes,good,single,male,0,1
288,0-200,12,existing credits paid back duly till now,radio/television,1092,<100,1-4 yrs,4,guarantor,4,real estate,49,none,rent,2,skilled employee / official,1,"yes, registered",yes,good,divorced/separated/married,female,2,1
289,<0,24,delay in paying off in the past,radio/television,1024,<100,<1 yr,4,none,4,real estate,48,stores,rent,1,skilled employee / official,1,none,yes,bad,married/widowed,male,1,0
290,No account,12,existing credits paid back duly till now,business,1076,<100,1-4 yrs,2,none,2,real estate,26,none,rent,1,skilled employee / official,1,"yes, registered",no,good,married/widowed,male,2,1
291,0-200,36,existing credits paid back duly till now,car (used),9398,<100,<1 yr,1,none,4,car or other,28,none,own,1,management/ self-employed/highly qualified employee/ officer,1,"yes, registered",yes,bad,married/widowed,male,1,0
292,<0,24,critical account/other credits existing (not at this bank),car (used),6419,<100,>7 yrs,2,none,4,unknown/no property,44,none,free,2,management/ self-employed/highly qualified employee/ officer,2,"yes, registered",yes,good,divorced/separated/married,female,4,1
293,>=200,42,critical account/other credits existing (not at this bank),car (used),4796,<100,>7 yrs,4,none,4,unknown/no property,56,none,free,1,skilled employee / official,1,none,yes,good,single,male,4,1
294,No account,48,critical account/other credits existing (not at this bank),business,7629,unknown/no savings account,>7 yrs,4,none,2,car or other,46,bank,rent,2,management/ self-employed/highly qualified employee/ officer,2,none,yes,good,divorced/separated,male,4,1
295,0-200,48,existing credits paid back duly till now,furniture/equipment,9960,<100,<1 yr,1,none,2,car or other,26,none,rent,1,skilled employee / official,1,"yes, registered",yes,bad,divorced/separated/married,female,1,0
296,No account,12,existing credits paid back duly till now,car (used),4675,unknown/no savings account,<1 yr,1,none,4,car or other,20,none,own,1,skilled employee / official,1,none,yes,good,divorced/separated/married,female,1,1
297,No account,10,existing credits paid back duly till now,car (new),1287,unknown/no savings account,>7 yrs,4,co-applicant,2,savings agreement/life insurance,45,none,rent,1,unskilled - resident,1,none,no,good,single,male,4,1
298,No account,18,existing credits paid back duly till now,furniture/equipment,2515,<100,1-4 yrs,3,none,4,real estate,43,none,rent,1,skilled employee / official,1,"yes, registered",yes,good,single,male,2,1
299,0-200,21,critical account/other credits existing (not at this bank),furniture/equipment,2745,>=1000,4-7 yrs,3,none,2,car or other,32,none,rent,2,skilled employee / official,1,"yes, registered",yes,good,single,male,3,1
300,No account,6,existing credits paid back duly till now,car (new),672,<100,unemployed,1,none,4,real estate,54,none,rent,1,unemployed/ unskilled - non-resident,1,"yes, registered",yes,good,divorced/separated/married,female,0,1
301,0-200,36,no credits taken / paid back duly,radio/television,3804,<100,1-4 yrs,4,none,1,car or other,42,none,rent,1,skilled employee / official,1,"yes, registered",yes,bad,divorced/separated/married,female,2,0
302,>=200,24,critical account/other credits existing (not at this bank),car (new),1344,unknown/no savings account,4-7 yrs,4,none,2,real estate,37,bank,rent,2,unskilled - resident,2,none,yes,bad,single,male,3,0
303,<0,10,critical account/other credits existing (not at this bank),car (new),1038,<100,4-7 yrs,4,co-applicant,3,savings agreement/life insurance,49,none,rent,2,skilled employee / official,1,"yes, registered",yes,good,single,male,3,1
304,No account,48,critical account/other credits existing (not at this bank),car (new),10127,500-1000,1-4 yrs,2,none,2,unknown/no property,44,bank,free,1,skilled employee / official,1,none,yes,bad,single,male,2,0
305,No account,6,existing credits paid back duly till now,furniture/equipment,1543,>=1000,1-4 yrs,4,none,2,real estate,33,none,rent,1,skilled employee / official,1,none,yes,good,divorced/separated,male,2,1
306,No account,30,existing credits paid back duly till now,car (used),4811,unknown/no savings account,4-7 yrs,2,none,4,savings agreement/life insurance,24,stores,own,1,unskilled - resident,1,none,yes,good,divorced/separated/married,female,3,1
307,<0,12,existing credits paid back duly till now,radio/television,727,100-500,<1 yr,4,none,3,unknown/no property,33,none,rent,1,unskilled - resident,1,"yes, registered",yes,bad,married/widowed,male,1,0
308,0-200,8,existing credits paid back duly till now,furniture/equipment,1237,<100,1-4 yrs,3,none,4,real estate,24,none,rent,1,skilled employee / official,1,none,yes,bad,divorced/separated/married,female,2,0
309,0-200,9,existing credits paid back duly till now,car (new),276,<100,1-4 yrs,4,none,4,real estate,22,none,own,1,unskilled - resident,1,none,yes,good,married/widowed,male,2,1
310,0-200,48,existing credits paid back duly till now,others,5381,unknown/no savings account,unemployed,3,none,4,unknown/no property,40,bank,free,1,unemployed/ unskilled - non-resident,1,"yes, registered",yes,good,single,male,0,1
311,No account,24,existing credits paid back duly till now,furniture/equipment,5511,100-500,1-4 yrs,4,none,1,car or other,25,stores,rent,1,skilled employee / official,1,none,yes,good,single,male,2,1
312,>=200,24,existing credits paid back duly till now,furniture/equipment,3749,<100,<1 yr,2,none,4,car or other,26,none,rent,1,skilled employee / official,1,none,yes,good,divorced/separated/married,female,1,1
313,0-200,12,existing credits paid back duly till now,car (new),685,<100,4-7 yrs,2,none,3,car or other,25,bank,rent,1,unskilled - resident,1,none,yes,bad,married/widowed,male,3,0
314,>=200,4,existing credits paid back duly till now,car (new),1494,unknown/no savings account,<1 yr,1,none,2,real estate,29,none,rent,1,unskilled - resident,2,none,no,good,single,male,1,1
315,<0,36,all credits at this bank paid back duly,furniture/equipment,2746,<100,>7 yrs,4,none,4,car or other,31,bank,rent,1,skilled employee / official,1,none,yes,bad,single,male,4,0
316,<0,12,existing credits paid back duly till now,furniture/equipment,708,<100,1-4 yrs,2,guarantor,3,savings agreement/life insurance,38,none,rent,1,unskilled - resident,2,none,yes,good,single,male,2,1
317,0-200,24,existing credits paid back duly till now,furniture/equipment,4351,unknown/no savings account,1-4 yrs,1,none,4,savings agreement/life insurance,48,none,rent,1,unskilled - resident,1,"yes, registered",yes,good,divorced/separated/married,female,2,1
318,No account,12,critical account/other credits existing (not at this bank),education,701,<100,1-4 yrs,4,none,2,car or other,32,none,rent,2,skilled employee / official,1,none,yes,good,single,male,2,1
319,<0,15,delay in paying off in the past,furniture/equipment,3643,<100,>7 yrs,1,none,4,savings agreement/life insurance,27,none,rent,2,unskilled - resident,1,none,yes,good,divorced/separated/married,female,4,1
320,0-200,30,critical account/other credits existing (not at this bank),car (new),4249,<100,unemployed,4,none,2,car or other,28,none,rent,2,management/ self-employed/highly qualified employee/ officer,1,none,yes,bad,married/widowed,male,0,0
321,<0,24,existing credits paid back duly till now,radio/television,1938,<100,<1 yr,4,none,3,savings agreement/life insurance,32,none,rent,1,skilled employee / official,1,none,yes,bad,divorced/separated,male,1,0
322,<0,24,existing credits paid back duly till now,car (used),2910,<100,4-7 yrs,2,none,1,unknown/no property,34,none,free,1,management/ self-employed/highly qualified employee/ officer,1,"yes, registered",yes,good,single,male,3,1
323,<0,18,existing credits paid back duly till now,furniture/equipment,2659,>=1000,1-4 yrs,4,none,2,car or other,28,none,rent,1,skilled employee / official,1,none,yes,good,single,male,2,1
324,No account,18,critical account/other credits existing (not at this bank),car (new),1028,<100,1-4 yrs,4,none,3,real estate,36,none,rent,2,skilled employee / official,1,none,yes,good,divorced/separated/married,female,2,1
325,<0,8,critical account/other credits existing (not at this bank),car (new),3398,<100,4-7 yrs,1,none,4,real estate,39,none,rent,2,unskilled - resident,1,none,no,good,single,male,3,1
326,No account,12,critical account/other credits existing (not at this bank),furniture/equipment,5801,unknown/no savings account,>7 yrs,2,none,4,savings agreement/life insurance,49,none,own,1,skilled employee / official,1,"yes, registered",yes,good,single,male,4,1
327,No account,24,existing credits paid back duly till now,car (new),1525,>=1000,4-7 yrs,4,none,3,car or other,34,none,rent,1,skilled employee / official,2,"yes, registered",yes,good,divorced/separated/married,female,3,1
328,>=200,36,existing credits paid back duly till now,radio/television,4473,<100,>7 yrs,4,none,2,car or other,31,none,rent,1,skilled employee / official,1,none,yes,good,single,male,4,1
329,0-200,6,existing credits paid back duly till now,radio/television,1068,<100,>7 yrs,4,none,4,car or other,28,none,rent,1,skilled employee / official,2,none,yes,good,single,male,4,1
330,<0,24,critical account/other credits existing (not at this bank),car (used),6615,<100,unemployed,2,none,4,unknown/no property,75,none,free,2,management/ self-employed/highly qualified employee/ officer,1,"yes, registered",yes,good,single,male,0,1
331,No account,18,critical account/other credits existing (not at this bank),education,1864,100-500,1-4 yrs,4,none,2,real estate,30,none,rent,2,skilled employee / official,1,none,yes,bad,divorced/separated/married,female,2,0
332,0-200,60,existing credits paid back duly till now,car (new),7408,100-500,<1 yr,4,none,2,savings agreement/life insurance,24,none,rent,1,management/ self-employed/highly qualified employee/ officer,1,none,yes,bad,divorced/separated/married,female,1,0
333,No account,48,critical account/other credits existing (not at this bank),car (used),11590,100-500,1-4 yrs,2,none,4,car or other,24,bank,own,2,unskilled - resident,1,none,yes,bad,divorced/separated/married,female,2,0
334,<0,24,no credits taken / paid back duly,furniture/equipment,4110,<100,>7 yrs,3,none,4,unknown/no property,23,bank,own,2,skilled employee / official,2,none,yes,bad,single,male,4,0
335,<0,6,critical account/other credits existing (not at this bank),furniture/equipment,3384,<100,1-4 yrs,1,none,4,real estate,44,none,own,1,management/ self-employed/highly qualified employee/ officer,1,"yes, registered",yes,bad,divorced/separated,male,2,0
336,0-200,13,existing credits paid back duly till now,radio/television,2101,<100,<1 yr,2,guarantor,4,savings agreement/life insurance,23,none,rent,1,unskilled - resident,1,none,yes,good,divorced/separated/married,female,1,1
337,<0,15,existing credits paid back duly till now,domestic appliances,1275,unknown/no savings account,1-4 yrs,4,none,2,car or other,24,none,own,1,skilled employee / official,1,none,yes,bad,divorced/separated/married,female,2,0
338,<0,24,existing credits paid back duly till now,furniture/equipment,4169,<100,1-4 yrs,4,none,4,savings agreement/life insurance,28,none,rent,1,skilled employee / official,1,none,yes,good,single,male,2,1
339,0-200,10,existing credits paid back duly till now,furniture/equipment,1521,<100,1-4 yrs,4,none,2,car or other,31,none,rent,1,unskilled - resident,1,none,yes,good,divorced/separated,male,2,1
340,0-200,24,critical account/other credits existing (not at this bank),education,5743,<100,<1 yr,2,none,4,unknown/no property,24,none,free,2,skilled employee / official,1,"yes, registered",yes,good,divorced/separated/married,female,1,1
341,<0,21,existing credits paid back duly till now,furniture/equipment,3599,<100,4-7 yrs,1,none,4,car or other,26,none,own,1,unskilled - resident,1,none,yes,good,divorced/separated/married,female,3,1
342,0-200,18,existing credits paid back duly till now,radio/television,3213,500-1000,<1 yr,1,none,3,real estate,25,none,own,1,skilled employee / official,1,none,yes,good,married/widowed,male,1,1
343,0-200,18,existing credits paid back duly till now,business,4439,<100,>7 yrs,1,co-applicant,1,real estate,33,bank,rent,1,management/ self-employed/highly qualified employee/ officer,1,"yes, registered",yes,good,single,male,4,1
344,>=200,10,existing credits paid back duly till now,car (new),3949,<100,<1 yr,1,guarantor,1,savings agreement/life insurance,37,none,rent,1,unskilled - resident,2,none,yes,good,single,male,1,1
345,No account,15,critical account/other credits existing (not at this bank),radio/television,1459,<100,1-4 yrs,4,none,2,car or other,43,none,rent,1,unskilled - resident,1,none,yes,good,divorced/separated/married,female,2,1
346,0-200,13,critical account/other credits existing (not at this bank),radio/television,882,<100,<1 yr,4,guarantor,4,real estate,23,none,rent,2,skilled employee / official,1,none,yes,good,single,male,1,1
347,0-200,24,existing credits paid back duly till now,radio/television,3758,500-1000,unemployed,1,none,4,unknown/no property,23,none,own,1,unemployed/ unskilled - non-resident,1,none,yes,good,divorced/separated/married,female,0,1
348,No account,6,delay in paying off in the past,business,1743,100-500,1-4 yrs,1,none,2,real estate,34,none,rent,2,unskilled - resident,1,none,yes,good,single,male,2,1
349,0-200,9,critical account/other credits existing (not at this bank),education,1136,>=1000,>7 yrs,4,none,3,unknown/no property,32,none,free,2,skilled employee / official,2,none,yes,bad,single,male,4,0
350,No account,9,existing credits paid back duly till now,domestic appliances,1236,<100,<1 yr,1,none,4,real estate,23,none,own,1,skilled employee / official,1,"yes, registered",yes,good,divorced/separated/married,female,1,1
351,0-200,9,existing credits paid back duly till now,furniture/equipment,959,<100,1-4 yrs,1,none,2,car or other,29,none,rent,1,skilled employee / official,1,none,no,bad,divorced/separated/married,female,2,0
352,No account,18,critical account/other credits existing (not at this bank),car (used),3229,unknown/no savings account,unemployed,2,none,4,unknown/no property,38,none,rent,1,management/ self-employed/highly qualified employee/ officer,1,"yes, registered",yes,good,single,male,0,1
353,<0,12,no credits taken / paid back duly,radio/television,6199,<100,1-4 yrs,4,none,2,savings agreement/life insurance,28,none,own,2,skilled employee / official,1,"yes, registered",yes,bad,single,male,2,0
354,No account,10,existing credits paid back duly till now,education,727,500-1000,>7 yrs,4,none,4,unknown/no property,46,none,free,1,skilled employee / official,1,"yes, registered",yes,good,single,male,4,1
355,0-200,24,existing credits paid back duly till now,car (new),1246,<100,<1 yr,4,none,2,real estate,23,stores,rent,1,unskilled - resident,1,none,yes,bad,single,male,1,0
356,No account,12,critical account/other credits existing (not at this bank),radio/television,2331,unknown/no savings account,>7 yrs,1,co-applicant,4,real estate,49,none,rent,1,skilled employee / official,1,"yes, registered",yes,good,single,male,4,1
357,No account,36,delay in paying off in the past,radio/television,4463,<100,1-4 yrs,4,none,2,car or other,26,none,rent,2,management/ self-employed/highly qualified employee/ officer,1,"yes, registered",yes,bad,single,male,2,0
358,No account,12,existing credits paid back duly till now,radio/television,776,<100,1-4 yrs,4,none,2,real estate,28,none,rent,1,skilled employee / official,1,none,yes,good,married/widowed,male,2,1
359,<0,30,existing credits paid back duly till now,furniture/equipment,2406,<100,4-7 yrs,4,none,4,real estate,23,none,own,1,skilled employee / official,1,none,yes,bad,divorced/separated/married,female,3,0
360,0-200,18,existing credits paid back duly till now,education,1239,unknown/no savings account,1-4 yrs,4,none,4,unknown/no property,61,none,free,1,skilled employee / official,1,none,yes,good,single,male,2,1
361,>=200,12,existing credits paid back duly till now,radio/television,3399,unknown/no savings account,>7 yrs,2,none,3,car or other,37,none,rent,1,management/ self-employed/highly qualified employee/ officer,1,none,yes,good,single,male,4,1
362,>=200,12,delay in paying off in the past,car (new),2247,<100,1-4 yrs,2,none,2,car or other,36,stores,rent,2,skilled employee / official,1,"yes, registered",yes,good,divorced/separated/married,female,2,1
363,No account,6,existing credits paid back duly till now,furniture/equipment,1766,<100,1-4 yrs,1,none,2,savings agreement/life insurance,21,none,own,1,skilled employee / official,1,none,yes,good,married/widowed,male,2,1
364,<0,18,existing credits paid back duly till now,furniture/equipment,2473,<100,unemployed,4,none,1,car or other,25,none,rent,1,unemployed/ unskilled - non-resident,1,none,yes,bad,single,male,0,0
365,No account,12,existing credits paid back duly till now,business,1542,<100,4-7 yrs,2,none,4,car or other,36,none,rent,1,skilled employee / official,1,"yes, registered",yes,good,single,male,3,1
366,No account,18,critical account/other credits existing (not at this bank),car (used),3850,<100,4-7 yrs,3,none,1,car or other,27,none,rent,2,skilled employee / official,1,none,yes,good,single,male,3,1
367,<0,18,existing credits paid back duly till now,furniture/equipment,3650,<100,<1 yr,1,none,4,car or other,22,none,own,1,skilled employee / official,1,none,yes,good,divorced/separated/married,female,1,1
368,<0,36,existing credits paid back duly till now,furniture/equipment,3446,<100,>7 yrs,4,none,2,car or other,42,none,rent,1,skilled employee / official,2,none,yes,bad,single,male,4,0
369,0-200,18,existing credits paid back duly till now,furniture/equipment,3001,<100,4-7 yrs,2,none,4,real estate,40,none,own,1,skilled employee / official,1,none,yes,good,divorced/separated/married,female,3,1
370,No account,36,existing credits paid back duly till now,car (new),3079,unknown/no savings account,1-4 yrs,4,none,4,real estate,36,none,rent,1,skilled employee / official,1,none,yes,good,single,male,2,1
371,No account,18,critical account/other credits existing (not at this bank),radio/television,6070,<100,>7 yrs,3,none,4,car or other,33,none,rent,2,skilled employee / official,1,"yes, registered",yes,good,single,male,4,1
372,No account,10,critical account/other credits existing (not at this bank),furniture/equipment,2146,<100,<1 yr,1,none,3,real estate,23,none,own,2,skilled employee / official,1,none,yes,good,divorced/separated/married,female,1,1
373,No account,60,critical account/other credits existing (not at this bank),car (new),13756,unknown/no savings account,>7 yrs,2,none,4,unknown/no property,63,bank,free,1,management/ self-employed/highly qualified employee/ officer,1,"yes, registered",yes,good,single,male,4,1
374,0-200,60,all credits at this bank paid back duly,others,14782,100-500,>7 yrs,3,none,4,unknown/no property,60,bank,free,2,management/ self-employed/highly qualified employee/ officer,1,"yes, registered",yes,bad,divorced/separated/married,female,4,0
375,<0,48,all credits at this bank paid back duly,business,7685,<100,4-7 yrs,2,guarantor,4,car or other,37,none,own,1,skilled employee / official,1,none,yes,bad,divorced/separated/married,female,3,0
376,No account,18,delay in paying off in the past,radio/television,2320,<100,unemployed,2,none,3,real estate,34,none,rent,2,skilled employee / official,1,none,yes,good,married/widowed,male,0,1
377,No account,7,delay in paying off in the past,radio/television,846,unknown/no savings account,>7 yrs,3,none,4,unknown/no property,36,none,free,1,skilled employee / official,1,none,yes,good,single,male,4,1
378,0-200,36,existing credits paid back duly till now,car (new),14318,<100,>7 yrs,4,none,2,unknown/no property,57,none,free,1,management/ self-employed/highly qualified employee/ officer,1,"yes, registered",yes,bad,single,male,4,0
379,No account,6,critical account/other credits existing (not at this bank),car (new),362,100-500,1-4 yrs,4,none,4,car or other,52,none,rent,2,unskilled - resident,1,none,yes,good,divorced/separated/married,female,2,1
380,<0,20,existing credits paid back duly till now,furniture/equipment,2212,unknown/no savings account,4-7 yrs,4,none,4,car or other,39,none,rent,1,skilled employee / official,1,"yes, registered",yes,good,single,male,3,1
381,0-200,18,existing credits paid back duly till now,car (used),12976,<100,unemployed,3,none,4,unknown/no property,38,none,free,1,management/ self-employed/highly qualified employee/ officer,1,"yes, registered",yes,bad,divorced/separated/married,female,0,0
382,No account,22,existing credits paid back duly till now,car (new),1283,unknown/no savings account,4-7 yrs,4,none,4,savings agreement/life insurance,25,none,own,1,skilled employee / official,1,none,yes,good,divorced/separated/married,female,3,1
383,>=200,12,existing credits paid back duly till now,car (new),1330,<100,<1 yr,4,none,1,real estate,26,none,rent,1,skilled employee / official,1,none,yes,good,single,male,1,1
384,No account,30,delay in paying off in the past,business,4272,100-500,1-4 yrs,2,none,2,savings agreement/life insurance,26,none,rent,2,unskilled - resident,1,none,yes,good,single,male,2,1
385,No account,18,critical account/other credits existing (not at this bank),radio/television,2238,<100,1-4 yrs,2,none,1,car or other,25,none,rent,2,skilled employee / official,1,none,yes,good,divorced/separated/married,female,2,1
386,No account,18,existing credits paid back duly till now,radio/television,1126,unknown/no savings account,<1 yr,4,none,2,real estate,21,none,own,1,skilled employee / official,1,"yes, registered",yes,good,divorced/separated/married,female,1,1
387,0-200,18,critical account/other credits existing (not at this bank),furniture/equipment,7374,<100,unemployed,4,none,4,savings agreement/life insurance,40,stores,rent,2,management/ self-employed/highly qualified employee/ officer,1,"yes, registered",yes,good,single,male,0,1
388,0-200,15,critical account/other credits existing (not at this bank),business,2326,500-1000,1-4 yrs,2,none,4,car or other,27,bank,rent,1,skilled employee / official,1,none,yes,good,single,male,2,1
389,No account,9,existing credits paid back duly till now,business,1449,<100,4-7 yrs,3,none,2,car or other,27,none,rent,2,skilled employee / official,1,none,yes,good,divorced/separated/married,female,3,1
390,No account,18,existing credits paid back duly till now,car (new),1820,<100,1-4 yrs,2,none,2,savings agreement/life insurance,30,none,rent,1,management/ self-employed/highly qualified employee/ officer,1,"yes, registered",yes,good,married/widowed,male,2,1
391,0-200,12,existing credits paid back duly till now,furniture/equipment,983,>=1000,<1 yr,1,none,4,real estate,19,none,own,1,unskilled - resident,1,none,yes,good,divorced/separated/married,female,1,1
392,<0,36,existing credits paid back duly till now,car (new),3249,<100,4-7 yrs,2,none,4,unknown/no property,39,bank,free,1,management/ self-employed/highly qualified employee/ officer,2,"yes, registered",yes,good,single,male,3,1
393,<0,6,critical account/other credits existing (not at this bank),radio/television,1957,<100,4-7 yrs,1,none,4,car or other,31,none,rent,1,skilled employee / official,1,none,yes,good,divorced/separated/married,female,3,1
394,No account,9,critical account/other credits existing (not at this bank),furniture/equipment,2406,<100,unemployed,2,none,3,car or other,31,none,rent,1,management/ self-employed/highly qualified employee/ officer,1,none,yes,good,single,male,0,1
395,0-200,39,delay in paying off in the past,education,11760,100-500,4-7 yrs,2,none,3,unknown/no property,32,none,own,1,skilled employee / official,1,"yes, registered",yes,good,single,male,3,1
396,<0,12,existing credits paid back duly till now,furniture/equipment,2578,<100,unemployed,3,none,4,unknown/no property,55,none,free,1,management/ self-employed/highly qualified employee/ officer,1,none,yes,good,divorced/separated/married,female,0,1
397,<0,36,critical account/other credits existing (not at this bank),furniture/equipment,2348,<100,1-4 yrs,3,none,2,savings agreement/life insurance,46,none,rent,2,skilled employee / official,1,"yes, registered",yes,good,married/widowed,male,2,1
398,0-200,12,existing credits paid back duly till now,car (new),1223,<100,>7 yrs,1,none,1,real estate,46,none,own,2,skilled employee / official,1,none,yes,bad,divorced/separated,male,4,0
399,No account,24,critical account/other credits existing (not at this bank),radio/television,1516,>=1000,1-4 yrs,4,none,1,real estate,43,none,rent,2,unskilled - resident,1,none,yes,good,divorced/separated/married,female,2,1
400,No account,18,existing credits paid back duly till now,radio/television,1473,<100,<1 yr,3,none,4,real estate,39,none,rent,1,skilled employee / official,1,"yes, registered",yes,good,married/widowed,male,1,1
401,0-200,18,critical account/other credits existing (not at this bank),business,1887,unknown/no savings account,1-4 yrs,4,none,4,real estate,28,bank,rent,2,skilled employee / official,1,none,yes,good,married/widowed,male,2,1
402,No account,24,delay in paying off in the past,business,8648,<100,<1 yr,2,none,2,car or other,27,bank,rent,2,skilled employee / official,1,"yes, registered",yes,bad,single,male,1,0
403,No account,14,delay in paying off in the past,car (new),802,<100,1-4 yrs,4,none,2,car or other,27,none,rent,2,unskilled - resident,1,none,yes,good,single,male,2,1
404,0-200,18,delay in paying off in the past,car (new),2899,unknown/no savings account,>7 yrs,4,none,4,car or other,43,none,rent,1,skilled employee / official,2,none,yes,good,single,male,4,1
405,0-200,24,existing credits paid back duly till now,radio/television,2039,<100,<1 yr,1,none,1,savings agreement/life insurance,22,none,rent,1,skilled employee / official,1,"yes, registered",yes,bad,married/widowed,male,1,0
406,No account,24,critical account/other credits existing (not at this bank),car (used),2197,unknown/no savings account,4-7 yrs,4,none,4,car or other,43,none,rent,2,skilled employee / official,2,"yes, registered",yes,good,single,male,3,1
407,<0,15,existing credits paid back duly till now,radio/television,1053,<100,<1 yr,4,none,2,real estate,27,none,rent,1,skilled employee / official,1,none,no,good,married/widowed,male,1,1
408,No account,24,existing credits paid back duly till now,radio/television,3235,500-1000,>7 yrs,3,none,2,car or other,26,none,rent,1,management/ self-employed/highly qualified employee/ officer,1,"yes, registered",yes,good,divorced/separated,male,4,1
409,>=200,12,critical account/other credits existing (not at this bank),car (new),939,500-1000,4-7 yrs,4,none,2,real estate,28,none,rent,3,skilled employee / official,1,"yes, registered",yes,bad,married/widowed,male,3,0
410,0-200,24,existing credits paid back duly till now,radio/television,1967,<100,>7 yrs,4,none,4,car or other,20,none,rent,1,skilled employee / official,1,"yes, registered",yes,good,divorced/separated/married,female,4,1
411,No account,33,critical account/other credits existing (not at this bank),car (used),7253,<100,4-7 yrs,3,none,2,car or other,35,none,rent,2,management/ self-employed/highly qualified employee/ officer,1,"yes, registered",yes,good,single,male,3,1
412,No account,12,critical account/other credits existing (not at this bank),business,2292,<100,unemployed,4,none,2,car or other,42,stores,rent,2,management/ self-employed/highly qualified employee/ officer,1,"yes, registered",yes,bad,single,male,0,0
413,No account,10,existing credits paid back duly till now,car (new),1597,500-1000,1-4 yrs,3,none,2,unknown/no property,40,none,own,1,unskilled - resident,2,none,no,good,single,male,2,1
414,<0,24,existing credits paid back duly till now,car (new),1381,unknown/no savings account,1-4 yrs,4,none,2,savings agreement/life insurance,35,none,rent,1,skilled employee / official,1,none,yes,bad,divorced/separated/married,female,2,0
415,No account,36,critical account/other credits existing (not at this bank),car (used),5842,<100,>7 yrs,2,none,2,savings agreement/life insurance,35,none,rent,2,skilled employee / official,2,"yes, registered",yes,good,single,male,4,1
416,<0,12,existing credits paid back duly till now,car (new),2579,<100,<1 yr,4,none,1,real estate,33,none,rent,1,unskilled - resident,2,none,yes,bad,single,male,1,0
417,<0,18,delay in paying off in the past,education,8471,unknown/no savings account,1-4 yrs,1,none,2,car or other,23,none,own,2,skilled employee / official,1,"yes, registered",yes,good,divorced/separated/married,female,2,1
418,No account,21,existing credits paid back duly till now,car (new),2782,500-1000,4-7 yrs,1,none,2,car or other,31,bank,rent,1,management/ self-employed/highly qualified employee/ officer,1,none,yes,good,divorced/separated/married,female,3,1
419,0-200,18,existing credits paid back duly till now,car (new),1042,unknown/no savings account,1-4 yrs,4,none,2,savings agreement/life insurance,33,none,rent,1,skilled employee / official,1,none,yes,bad,divorced/separated/married,female,2,0
420,No account,15,existing credits paid back duly till now,car (new),3186,>=1000,4-7 yrs,2,none,3,car or other,20,none,own,1,skilled employee / official,1,none,yes,good,divorced/separated/married,female,3,1
421,0-200,12,existing credits paid back duly till now,car (used),2028,unknown/no savings account,1-4 yrs,4,none,2,car or other,30,none,rent,1,skilled employee / official,1,none,yes,good,single,male,2,1
422,0-200,12,critical account/other credits existing (not at this bank),car (new),958,<100,4-7 yrs,2,none,3,real estate,47,none,rent,2,unskilled - resident,2,none,yes,good,single,male,3,1
423,No account,21,delay in paying off in the past,furniture/equipment,1591,100-500,4-7 yrs,4,none,3,real estate,34,none,rent,2,management/ self-employed/highly qualified employee/ officer,1,none,yes,good,single,male,3,1
424,0-200,12,existing credits paid back duly till now,furniture/equipment,2762,unknown/no savings account,>7 yrs,1,none,2,savings agreement/life insurance,25,bank,rent,1,skilled employee / official,1,"yes, registered",yes,bad,divorced/separated/married,female,4,0
425,0-200,18,existing credits paid back duly till now,car (used),2779,<100,1-4 yrs,1,none,3,car or other,21,none,own,1,skilled employee / official,1,"yes, registered",yes,good,married/widowed,male,2,1
426,No account,28,critical account/other credits existing (not at this bank),radio/television,2743,<100,>7 yrs,4,none,2,car or other,29,none,rent,2,skilled employee / official,1,none,yes,good,single,male,4,1
427,No account,18,critical account/other credits existing (not at this bank),radio/television,1149,>=1000,1-4 yrs,4,none,3,real estate,46,none,rent,2,skilled employee / official,1,none,yes,good,single,male,2,1
428,No account,9,existing credits paid back duly till now,furniture/equipment,1313,<100,>7 yrs,1,none,4,car or other,20,none,rent,1,skilled employee / official,1,none,yes,good,single,male,4,1
429,<0,18,critical account/other credits existing (not at this bank),repairs,1190,<100,unemployed,2,none,4,unknown/no property,55,none,free,3,unemployed/ unskilled - non-resident,2,none,yes,bad,divorced/separated/married,female,0,0
430,No account,5,existing credits paid back duly till now,business,3448,<100,4-7 yrs,1,none,4,real estate,74,none,rent,1,unskilled - resident,1,none,yes,good,single,male,3,1
431,0-200,24,existing credits paid back duly till now,others,11328,<100,1-4 yrs,2,co-applicant,3,car or other,29,bank,rent,2,management/ self-employed/highly qualified employee/ officer,1,"yes, registered",yes,bad,single,male,2,0
432,<0,6,critical account/other credits existing (not at this bank),furniture/equipment,1872,<100,unemployed,4,none,4,unknown/no property,36,none,free,3,management/ self-employed/highly qualified employee/ officer,1,"yes, registered",yes,good,single,male,0,1
433,No account,24,critical account/other credits existing (not at this bank),repairs,2058,<100,1-4 yrs,4,none,2,real estate,33,none,rent,2,skilled employee / official,1,"yes, registered",yes,good,divorced/separated,male,2,1
434,<0,9,existing credits paid back duly till now,furniture/equipment,2136,<100,1-4 yrs,3,none,2,real estate,25,none,rent,1,skilled employee / official,1,none,yes,good,single,male,2,1
435,0-200,12,existing credits paid back duly till now,radio/television,1484,unknown/no savings account,1-4 yrs,2,none,1,real estate,25,none,rent,1,skilled employee / official,1,"yes, registered",yes,bad,married/widowed,male,2,0
436,No account,6,existing credits paid back duly till now,repairs,660,500-1000,4-7 yrs,2,none,4,real estate,23,none,own,1,unskilled - resident,1,none,yes,good,married/widowed,male,3,1
437,No account,24,critical account/other credits existing (not at this bank),car (new),1287,>=1000,>7 yrs,4,none,4,real estate,37,none,rent,2,skilled employee / official,1,"yes, registered",yes,good,divorced/separated/married,female,4,1
438,<0,42,critical account/other credits existing (not at this bank),repairs,3394,<100,unemployed,4,co-applicant,4,car or other,65,none,rent,2,unemployed/ unskilled - non-resident,1,none,yes,good,single,male,0,1
439,>=200,12,all credits at this bank paid back duly,business,609,<100,<1 yr,4,none,1,real estate,26,none,rent,1,unemployed/ unskilled - non-resident,1,none,yes,bad,divorced/separated/married,female,1,0
440,No account,12,existing credits paid back duly till now,car (new),1884,<100,>7 yrs,4,none,4,car or other,39,none,rent,1,management/ self-employed/highly qualified employee/ officer,1,"yes, registered",yes,good,single,male,4,1
441,<0,12,existing credits paid back duly till now,furniture/equipment,1620,<100,1-4 yrs,2,co-applicant,3,savings agreement/life insurance,30,none,rent,1,skilled employee / official,1,none,yes,good,divorced/separated/married,female,2,1
442,0-200,20,delay in paying off in the past,others,2629,<100,1-4 yrs,2,none,3,car or other,29,bank,rent,2,skilled employee / official,1,"yes, registered",yes,good,single,male,2,1
443,No account,12,existing credits paid back duly till now,education,719,<100,>7 yrs,4,none,4,car or other,41,bank,rent,1,unskilled - resident,2,none,yes,bad,single,male,4,0
444,0-200,48,critical account/other credits existing (not at this bank),furniture/equipment,5096,<100,1-4 yrs,2,none,3,car or other,30,none,rent,1,management/ self-employed/highly qualified employee/ officer,1,"yes, registered",yes,bad,divorced/separated/married,female,2,0
445,No account,9,critical account/other credits existing (not at this bank),education,1244,unknown/no savings account,>7 yrs,4,none,4,savings agreement/life insurance,41,none,own,2,unskilled - resident,1,none,yes,good,divorced/separated/married,female,4,1
446,<0,36,existing credits paid back duly till now,car (new),1842,<100,<1 yr,4,none,4,car or other,34,none,rent,1,skilled employee / official,1,"yes, registered",yes,bad,divorced/separated/married,female,1,0
447,0-200,7,existing credits paid back duly till now,radio/television,2576,<100,1-4 yrs,2,guarantor,2,real estate,35,none,rent,1,skilled employee / official,1,none,yes,good,single,male,2,1
448,>=200,12,existing credits paid back duly till now,furniture/equipment,1424,unknown/no savings account,>7 yrs,3,none,4,real estate,55,none,rent,1,management/ self-employed/highly qualified employee/ officer,1,"yes, registered",yes,good,divorced/separated/married,female,4,1
449,0-200,15,delay in paying off in the past,repairs,1512,>=1000,1-4 yrs,3,none,3,savings agreement/life insurance,61,stores,rent,2,skilled employee / official,1,none,yes,bad,married/widowed,male,2,0
450,No account,36,critical account/other credits existing (not at this bank),car (used),11054,unknown/no savings account,1-4 yrs,4,none,2,car or other,30,none,rent,1,management/ self-employed/highly qualified employee/ officer,1,"yes, registered",yes,good,single,male,2,1
451,No account,6,existing credits paid back duly till now,radio/television,518,<100,1-4 yrs,3,none,1,real estate,29,none,rent,1,skilled employee / official,1,none,yes,good,divorced/separated/married,female,2,1
452,No account,12,no credits taken / paid back duly,furniture/equipment,2759,<100,>7 yrs,2,none,4,savings agreement/life insurance,34,none,rent,2,skilled employee / official,1,none,yes,good,single,male,4,1
453,No account,24,existing credits paid back duly till now,car (used),2670,<100,>7 yrs,4,none,4,car or other,35,none,rent,1,management/ self-employed/highly qualified employee/ officer,1,"yes, registered",yes,good,single,male,4,1
454,<0,24,existing credits paid back duly till now,car (new),4817,<100,4-7 yrs,2,co-applicant,3,savings agreement/life insurance,31,none,rent,1,skilled employee / official,1,"yes, registered",yes,bad,single,male,3,0
455,No account,24,existing credits paid back duly till now,car (used),2679,<100,<1 yr,4,none,1,unknown/no property,29,none,rent,1,management/ self-employed/highly qualified employee/ officer,1,"yes, registered",yes,good,divorced/separated/married,female,1,1
456,<0,11,critical account/other credits existing (not at this bank),car (new),3905,<100,1-4 yrs,2,none,2,real estate,36,none,own,2,skilled employee / official,2,none,yes,good,single,male,2,1
457,<0,12,existing credits paid back duly till now,car (used),3386,<100,>7 yrs,3,none,4,unknown/no property,35,none,free,1,skilled employee / official,1,"yes, registered",yes,bad,single,male,4,0
458,<0,6,existing credits paid back duly till now,domestic appliances,343,<100,<1 yr,4,none,1,real estate,27,none,rent,1,skilled employee / official,1,none,yes,good,divorced/separated/married,female,1,1
459,No account,18,existing credits paid back duly till now,radio/television,4594,<100,<1 yr,3,none,2,car or other,32,none,rent,1,skilled employee / official,1,"yes, registered",yes,good,single,male,1,1
460,<0,36,existing credits paid back duly till now,furniture/equipment,3620,<100,1-4 yrs,1,guarantor,2,savings agreement/life insurance,37,none,rent,1,skilled employee / official,2,none,yes,good,single,male,2,1
461,<0,15,existing credits paid back duly till now,car (new),1721,<100,<1 yr,2,none,3,real estate,36,none,rent,1,skilled employee / official,1,none,yes,good,single,male,1,1
462,0-200,12,existing credits paid back duly till now,furniture/equipment,3017,<100,<1 yr,3,none,1,real estate,34,none,own,1,management/ self-employed/highly qualified employee/ officer,1,none,yes,good,divorced/separated/married,female,1,1
463,0-200,12,existing credits paid back duly till now,retraining,754,unknown/no savings account,>7 yrs,4,none,4,savings agreement/life insurance,38,none,rent,2,skilled employee / official,1,none,yes,good,single,male,4,1
464,No account,18,existing credits paid back duly till now,business,1950,<100,4-7 yrs,4,none,1,car or other,34,stores,rent,2,skilled employee / official,1,"yes, registered",yes,good,single,male,3,1
465,<0,24,existing credits paid back duly till now,car (used),2924,<100,1-4 yrs,3,guarantor,4,unknown/no property,63,bank,rent,1,skilled employee / official,2,"yes, registered",yes,good,single,male,2,1
466,<0,24,delay in paying off in the past,radio/television,1659,<100,<1 yr,4,none,2,car or other,29,none,own,1,unskilled - resident,1,"yes, registered",yes,bad,divorced/separated/married,female,1,0
467,No account,48,delay in paying off in the past,radio/television,7238,unknown/no savings account,>7 yrs,3,none,3,car or other,32,bank,rent,2,skilled employee / official,2,none,yes,good,single,male,4,1
468,No account,33,delay in paying off in the past,business,2764,<100,1-4 yrs,2,none,2,car or other,26,none,rent,2,skilled employee / official,1,"yes, registered",yes,good,divorced/separated/married,female,2,1
469,No account,24,delay in paying off in the past,car (used),4679,<100,4-7 yrs,3,none,3,car or other,35,none,rent,2,unskilled - resident,1,"yes, registered",yes,good,single,male,3,1
470,0-200,24,existing credits paid back duly till now,radio/television,3092,100-500,<1 yr,3,none,2,car or other,22,none,own,1,skilled employee / official,1,"yes, registered",yes,bad,married/widowed,male,1,0
471,<0,6,existing credits paid back duly till now,education,448,<100,<1 yr,4,none,4,savings agreement/life insurance,23,none,rent,1,skilled employee / official,1,none,yes,bad,divorced/separated/married,female,1,0
472,<0,9,existing credits paid back duly till now,car (new),654,<100,1-4 yrs,4,none,3,car or other,28,none,rent,1,unskilled - resident,1,none,yes,bad,single,male,2,0
473,No account,6,existing credits paid back duly till now,retraining,1238,unknown/no savings account,unemployed,4,none,4,savings agreement/life insurance,36,none,rent,1,management/ self-employed/highly qualified employee/ officer,2,"yes, registered",yes,good,single,male,0,1
474,0-200,18,critical account/other credits existing (not at this bank),radio/television,1245,<100,1-4 yrs,4,none,2,car or other,33,none,rent,1,skilled employee / official,1,none,yes,bad,married/widowed,male,2,0
475,<0,18,no credits taken / paid back duly,furniture/equipment,3114,<100,<1 yr,1,none,4,savings agreement/life insurance,26,none,own,1,skilled employee / official,1,none,yes,bad,divorced/separated/married,female,1,0
476,No account,39,existing credits paid back duly till now,car (used),2569,500-1000,1-4 yrs,4,none,4,car or other,24,none,rent,1,skilled employee / official,1,none,yes,good,single,male,2,1
477,>=200,24,existing credits paid back duly till now,radio/television,5152,<100,4-7 yrs,4,none,2,car or other,25,bank,rent,1,skilled employee / official,1,none,yes,good,single,male,3,1
478,0-200,12,existing credits paid back duly till now,business,1037,100-500,4-7 yrs,3,none,4,real estate,39,none,rent,1,unskilled - resident,1,none,yes,good,single,male,3,1
479,<0,15,critical account/other credits existing (not at this bank),furniture/equipment,1478,<100,>7 yrs,4,none,4,car or other,44,none,rent,2,skilled employee / official,2,"yes, registered",yes,good,single,male,4,1
480,0-200,12,critical account/other credits existing (not at this bank),radio/television,3573,<100,1-4 yrs,1,none,1,real estate,23,none,rent,1,unskilled - resident,1,none,yes,good,divorced/separated/married,female,2,1
481,0-200,24,existing credits paid back duly till now,car (new),1201,<100,<1 yr,4,none,1,savings agreement/life insurance,26,none,rent,1,skilled employee / official,1,none,yes,good,single,male,1,1
482,<0,30,existing credits paid back duly till now,furniture/equipment,3622,>=1000,>7 yrs,4,none,4,savings agreement/life insurance,57,none,own,2,skilled employee / official,1,"yes, registered",yes,good,divorced/separated/married,female,4,1
483,No account,15,delay in paying off in the past,furniture/equipment,960,>=1000,4-7 yrs,3,none,2,savings agreement/life insurance,30,none,rent,2,skilled employee / official,1,none,yes,good,divorced/separated/married,female,3,1
484,No account,12,critical account/other credits existing (not at this bank),car (new),1163,500-1000,1-4 yrs,4,none,4,real estate,44,none,rent,1,skilled employee / official,1,"yes, registered",yes,good,single,male,2,1
485,0-200,6,delay in paying off in the past,car (new),1209,<100,unemployed,4,none,4,savings agreement/life insurance,47,none,rent,1,management/ self-employed/highly qualified employee/ officer,1,"yes, registered",yes,bad,single,male,0,0
486,No account,12,existing credits paid back duly till now,radio/television,3077,<100,1-4 yrs,2,none,4,car or other,52,none,rent,1,skilled employee / official,1,"yes, registered",yes,good,single,male,2,1
487,No account,24,existing credits paid back duly till now,car (new),3757,<100,>7 yrs,4,co-applicant,4,unknown/no property,62,none,free,1,skilled employee / official,1,"yes, registered",yes,good,divorced/separated/married,female,4,1
488,No account,10,existing credits paid back duly till now,car (new),1418,100-500,1-4 yrs,3,none,2,real estate,35,none,own,1,unskilled - resident,1,none,no,good,single,male,2,1
489,No account,6,existing credits paid back duly till now,car (new),3518,<100,1-4 yrs,2,guarantor,3,savings agreement/life insurance,26,none,own,1,skilled employee / official,1,none,yes,good,single,male,2,1
490,No account,12,critical account/other credits existing (not at this bank),radio/television,1934,<100,>7 yrs,2,none,2,unknown/no property,26,none,rent,2,skilled employee / official,1,none,yes,good,single,male,4,1
491,0-200,27,no credits taken / paid back duly,business,8318,<100,>7 yrs,2,none,4,unknown/no property,42,none,free,2,management/ self-employed/highly qualified employee/ officer,1,"yes, registered",yes,bad,divorced/separated/married,female,4,0
492,No account,6,critical account/other credits existing (not at this bank),radio/television,1237,100-500,1-4 yrs,1,none,1,savings agreement/life insurance,27,none,rent,2,skilled employee / official,1,none,yes,good,divorced/separated/married,female,2,1
493,0-200,6,existing credits paid back duly till now,radio/television,368,unknown/no savings account,>7 yrs,4,none,4,savings agreement/life insurance,38,none,rent,1,skilled employee / official,1,none,yes,good,single,male,4,1
494,<0,12,critical account/other credits existing (not at this bank),car (new),2122,<100,1-4 yrs,3,none,2,real estate,39,none,own,2,unskilled - resident,2,none,no,good,single,male,2,1
495,<0,24,existing credits paid back duly till now,furniture/equipment,2996,unknown/no savings account,1-4 yrs,2,none,4,car or other,20,none,rent,1,skilled employee / official,1,none,yes,bad,married/widowed,male,2,0
496,0-200,36,existing credits paid back duly till now,furniture/equipment,9034,100-500,<1 yr,4,co-applicant,1,unknown/no property,29,none,own,1,management/ self-employed/highly qualified employee/ officer,1,"yes, registered",yes,bad,single,male,1,0
497,No account,24,critical account/other credits existing (not at this bank),furniture/equipment,1585,<100,4-7 yrs,4,none,3,savings agreement/life insurance,40,none,rent,2,skilled employee / official,1,none,yes,good,single,male,3,1
498,0-200,18,existing credits paid back duly till now,radio/television,1301,<100,>7 yrs,4,guarantor,2,real estate,32,none,rent,1,unskilled - resident,1,none,yes,good,married/widowed,male,4,1
499,>=200,6,critical account/other credits existing (not at this bank),car (new),1323,100-500,>7 yrs,2,none,4,car or other,28,none,rent,2,skilled employee / official,2,"yes, registered",yes,good,divorced/separated,male,4,1
500,<0,24,existing credits paid back duly till now,car (new),3123,<100,<1 yr,4,none,1,savings agreement/life insurance,27,none,rent,1,skilled employee / official,1,none,yes,bad,divorced/separated/married,female,1,0
501,<0,36,existing credits paid back duly till now,car (used),5493,<100,>7 yrs,2,none,4,unknown/no property,42,none,free,1,skilled employee / official,2,none,yes,good,single,male,4,1
502,>=200,9,existing credits paid back duly till now,radio/television,1126,100-500,>7 yrs,2,none,4,real estate,49,none,rent,1,skilled employee / official,1,none,yes,good,divorced/separated,male,4,1
503,0-200,24,critical account/other credits existing (not at this bank),radio/television,1216,100-500,<1 yr,4,none,4,unknown/no property,38,bank,rent,2,skilled employee / official,2,none,yes,bad,single,male,1,0
504,<0,24,existing credits paid back duly till now,car (new),1207,<100,<1 yr,4,none,4,savings agreement/life insurance,24,none,own,1,skilled employee / official,1,none,yes,bad,divorced/separated/married,female,1,0
505,No account,10,existing credits paid back duly till now,car (new),1309,unknown/no savings account,1-4 yrs,4,guarantor,4,savings agreement/life insurance,27,none,rent,1,unskilled - resident,1,none,yes,bad,single,male,2,0
506,>=200,15,critical account/other credits existing (not at this bank),car (used),2360,500-1000,1-4 yrs,2,none,2,car or other,36,none,rent,1,skilled employee / official,1,"yes, registered",yes,good,single,male,2,1
507,0-200,15,all credits at this bank paid back duly,car (new),6850,100-500,unemployed,1,none,2,savings agreement/life insurance,34,none,rent,1,management/ self-employed/highly qualified employee/ officer,2,"yes, registered",yes,bad,single,male,0,0
508,No account,24,existing credits paid back duly till now,radio/television,1413,<100,1-4 yrs,4,none,2,savings agreement/life insurance,28,none,rent,1,skilled employee / official,1,none,yes,good,married/widowed,male,2,1
509,No account,39,existing credits paid back duly till now,car (used),8588,100-500,>7 yrs,4,none,2,car or other,45,none,rent,1,management/ self-employed/highly qualified employee/ officer,1,"yes, registered",yes,good,single,male,4,1
510,<0,12,existing credits paid back duly till now,car (new),759,<100,4-7 yrs,4,none,2,real estate,26,none,rent,1,skilled employee / official,1,none,yes,bad,single,male,3,0
511,No account,36,existing credits paid back duly till now,car (used),4686,<100,1-4 yrs,2,none,2,unknown/no property,32,none,free,1,management/ self-employed/highly qualified employee/ officer,1,"yes, registered",yes,good,single,male,2,1
512,>=200,15,existing credits paid back duly till now,business,2687,<100,4-7 yrs,2,none,4,savings agreement/life insurance,26,none,own,1,skilled employee / official,1,"yes, registered",yes,good,single,male,3,1
513,0-200,12,delay in paying off in the past,radio/television,585,<100,1-4 yrs,4,co-applicant,4,real estate,20,none,own,2,skilled employee / official,1,none,yes,good,married/widowed,male,2,1
514,No account,24,existing credits paid back duly till now,car (new),2255,unknown/no savings account,<1 yr,4,none,1,savings agreement/life insurance,54,none,rent,1,skilled employee / official,1,none,yes,good,single,male,1,1
515,<0,6,critical account/other credits existing (not at this bank),car (new),609,<100,4-7 yrs,4,none,3,savings agreement/life insurance,37,none,rent,2,skilled employee / official,1,none,no,good,divorced/separated/married,female,3,1
516,<0,6,critical account/other credits existing (not at this bank),car (new),1361,<100,<1 yr,2,none,4,real estate,40,none,rent,1,unskilled - resident,2,none,no,good,single,male,1,1
517,No account,36,critical account/other credits existing (not at this bank),furniture/equipment,7127,<100,<1 yr,2,none,4,savings agreement/life insurance,23,none,own,2,skilled employee / official,1,"yes, registered",yes,bad,divorced/separated/married,female,1,0
518,<0,6,existing credits paid back duly till now,car (new),1203,100-500,>7 yrs,3,none,2,savings agreement/life insurance,43,none,rent,1,skilled employee / official,1,"yes, registered",yes,good,single,male,4,1
519,No account,6,critical account/other credits existing (not at this bank),radio/television,700,unknown/no savings account,>7 yrs,4,none,4,unknown/no property,36,none,free,2,skilled employee / official,1,none,yes,good,single,male,4,1
520,No account,24,critical account/other credits existing (not at this bank),repairs,5507,<100,>7 yrs,3,none,4,unknown/no property,44,none,free,2,skilled employee / official,1,none,yes,good,single,male,4,1
521,<0,18,existing credits paid back duly till now,radio/television,3190,<100,1-4 yrs,2,none,2,real estate,24,none,rent,1,skilled employee / official,1,none,yes,bad,divorced/separated/married,female,2,0
522,<0,48,no credits taken / paid back duly,furniture/equipment,7119,<100,1-4 yrs,3,none,4,unknown/no property,53,none,free,2,skilled employee / official,2,none,yes,bad,single,male,2,0
523,No account,24,existing credits paid back duly till now,car (used),3488,100-500,4-7 yrs,3,none,4,car or other,23,none,rent,1,skilled employee / official,1,none,yes,good,divorced/separated/married,female,3,1
524,0-200,18,existing credits paid back duly till now,radio/television,1113,<100,1-4 yrs,4,guarantor,4,real estate,26,none,rent,1,unskilled - resident,2,none,yes,good,divorced/separated/married,female,2,1
525,0-200,26,existing credits paid back duly till now,car (used),7966,<100,<1 yr,2,none,3,car or other,30,none,rent,2,skilled employee / official,1,none,yes,good,single,male,1,1
526,No account,15,critical account/other credits existing (not at this bank),education,1532,100-500,1-4 yrs,4,none,3,car or other,31,none,rent,1,skilled employee / official,1,none,yes,good,divorced/separated/married,female,2,1
527,No account,4,critical account/other credits existing (not at this bank),radio/television,1503,<100,4-7 yrs,2,none,1,real estate,42,none,rent,2,unskilled - resident,2,none,yes,good,single,male,3,1
528,<0,36,existing credits paid back duly till now,radio/television,2302,<100,1-4 yrs,4,none,4,car or other,31,none,own,1,skilled employee / official,1,none,yes,bad,divorced/separated,male,2,0
529,<0,6,existing credits paid back duly till now,car (new),662,<100,<1 yr,3,none,4,real estate,41,none,rent,1,unskilled - resident,2,"yes, registered",yes,good,single,male,1,1
530,0-200,36,existing credits paid back duly till now,education,2273,<100,4-7 yrs,3,none,1,car or other,32,none,rent,2,skilled employee / official,2,none,yes,good,single,male,3,1
531,0-200,15,existing credits paid back duly till now,car (new),2631,100-500,1-4 yrs,2,none,4,car or other,28,none,own,2,skilled employee / official,1,"yes, registered",yes,bad,divorced/separated/married,female,2,0
532,No account,12,delay in paying off in the past,car (used),1503,<100,1-4 yrs,4,none,4,real estate,41,none,own,1,skilled employee / official,1,none,yes,good,married/widowed,male,2,1
533,No account,24,existing credits paid back duly till now,radio/television,1311,100-500,4-7 yrs,4,none,3,savings agreement/life insurance,26,none,rent,1,skilled employee / official,1,"yes, registered",yes,good,married/widowed,male,3,1
534,No account,24,existing credits paid back duly till now,radio/television,3105,unknown/no savings account,<1 yr,4,none,2,car or other,25,none,rent,2,skilled employee / official,1,none,yes,good,single,male,1,1
535,>=200,21,critical account/other credits existing (not at this bank),education,2319,<100,<1 yr,2,none,1,car or other,33,none,own,1,skilled employee / official,1,none,yes,bad,divorced/separated,male,1,0
536,<0,6,existing credits paid back duly till now,car (new),1374,unknown/no savings account,unemployed,4,none,3,savings agreement/life insurance,75,none,rent,1,management/ self-employed/highly qualified employee/ officer,1,"yes, registered",yes,good,divorced/separated/married,female,0,1
537,0-200,18,critical account/other credits existing (not at this bank),furniture/equipment,3612,<100,>7 yrs,3,none,4,savings agreement/life insurance,37,none,rent,1,skilled employee / official,1,"yes, registered",yes,good,divorced/separated/married,female,4,1
538,<0,48,existing credits paid back duly till now,car (new),7763,<100,>7 yrs,4,none,4,unknown/no property,42,bank,free,1,management/ self-employed/highly qualified employee/ officer,1,none,yes,bad,single,male,4,0
539,>=200,18,existing credits paid back duly till now,furniture/equipment,3049,<100,<1 yr,1,none,1,savings agreement/life insurance,45,stores,rent,1,unskilled - resident,1,none,yes,good,divorced/separated/married,female,1,1
540,0-200,12,existing credits paid back duly till now,radio/television,1534,<100,<1 yr,1,none,1,real estate,23,none,own,1,skilled employee / official,1,none,yes,bad,married/widowed,male,1,0
541,No account,24,delay in paying off in the past,car (new),2032,<100,>7 yrs,4,none,4,unknown/no property,60,none,free,2,skilled employee / official,1,"yes, registered",yes,good,single,male,4,1
542,<0,30,existing credits paid back duly till now,furniture/equipment,6350,unknown/no savings account,>7 yrs,4,none,4,savings agreement/life insurance,31,none,rent,1,skilled employee / official,1,none,yes,bad,single,male,4,0
543,>=200,18,existing credits paid back duly till now,furniture/equipment,2864,<100,1-4 yrs,2,none,1,real estate,34,none,rent,1,unskilled - resident,2,none,yes,bad,single,male,2,0
544,No account,12,critical account/other credits existing (not at this bank),car (new),1255,<100,>7 yrs,4,none,4,real estate,61,none,rent,2,unskilled - resident,1,none,yes,good,single,male,4,1
545,<0,24,delay in paying off in the past,car (new),1333,<100,unemployed,4,none,2,real estate,43,none,free,2,skilled employee / official,2,none,yes,bad,single,male,0,0
546,No account,24,critical account/other credits existing (not at this bank),car (new),2022,<100,1-4 yrs,4,none,4,car or other,37,none,rent,1,skilled employee / official,1,"yes, registered",yes,good,divorced/separated/married,female,2,1
547,No account,24,existing credits paid back duly till now,radio/television,1552,<100,4-7 yrs,3,none,1,car or other,32,bank,rent,1,skilled employee / official,2,none,yes,good,single,male,3,1
548,<0,12,all credits at this bank paid back duly,radio/television,626,<100,1-4 yrs,4,none,4,real estate,24,bank,rent,1,unskilled - resident,1,none,yes,bad,divorced/separated/married,female,2,0
549,No account,48,critical account/other credits existing (not at this bank),car (used),8858,unknown/no savings account,4-7 yrs,2,none,1,unknown/no property,35,none,free,2,skilled employee / official,1,"yes, registered",yes,good,single,male,3,1
550,No account,12,critical account/other credits existing (not at this bank),repairs,996,unknown/no savings account,4-7 yrs,4,none,4,real estate,23,none,rent,2,skilled employee / official,1,none,yes,good,divorced/separated/married,female,3,1
551,No account,6,all credits at this bank paid back duly,radio/television,1750,500-1000,>7 yrs,2,none,4,savings agreement/life insurance,45,bank,rent,1,unskilled - resident,2,none,yes,good,single,male,4,1
552,<0,48,existing credits paid back duly till now,radio/television,6999,<100,4-7 yrs,1,guarantor,1,real estate,34,none,rent,2,skilled employee / official,1,"yes, registered",yes,bad,married/widowed,male,3,0
553,0-200,12,critical account/other credits existing (not at this bank),car (new),1995,100-500,<1 yr,4,none,1,car or other,27,none,rent,1,skilled employee / official,1,none,yes,good,single,male,1,1
554,0-200,9,existing credits paid back duly till now,education,1199,<100,4-7 yrs,4,none,4,savings agreement/life insurance,67,none,rent,2,management/ self-employed/highly qualified employee/ officer,1,"yes, registered",yes,good,divorced/separated/married,female,3,1
555,0-200,12,existing credits paid back duly till now,radio/television,1331,<100,<1 yr,2,none,1,car or other,22,stores,rent,1,skilled employee / official,1,none,yes,bad,single,male,1,0
556,0-200,18,no credits taken / paid back duly,car (new),2278,100-500,<1 yr,3,none,3,car or other,28,none,rent,2,skilled employee / official,1,none,yes,bad,divorced/separated/married,female,1,0
557,No account,21,no credits taken / paid back duly,car (new),5003,unknown/no savings account,1-4 yrs,1,none,4,savings agreement/life insurance,29,bank,rent,2,skilled employee / official,1,"yes, registered",yes,bad,divorced/separated/married,female,2,0
558,<0,24,all credits at this bank paid back duly,furniture/equipment,3552,<100,4-7 yrs,3,none,4,car or other,27,bank,rent,1,skilled employee / official,1,none,yes,bad,single,male,3,0
559,0-200,18,critical account/other credits existing (not at this bank),furniture/equipment,1928,<100,<1 yr,2,none,2,real estate,31,none,rent,2,unskilled - resident,1,none,yes,bad,single,male,1,0
560,<0,24,existing credits paid back duly till now,car (used),2964,unknown/no savings account,>7 yrs,4,none,4,unknown/no property,49,bank,free,1,skilled employee / official,2,"yes, registered",yes,good,single,male,4,1
561,<0,24,all credits at this bank paid back duly,radio/television,1546,<100,4-7 yrs,4,guarantor,4,car or other,24,bank,own,1,unskilled - resident,1,none,yes,bad,single,male,3,0
562,>=200,6,delay in paying off in the past,radio/television,683,<100,<1 yr,2,none,1,savings agreement/life insurance,29,bank,rent,1,skilled employee / official,1,none,yes,good,divorced/separated/married,female,1,1
563,0-200,36,existing credits paid back duly till now,car (new),12389,unknown/no savings account,1-4 yrs,1,none,4,unknown/no property,37,none,free,1,skilled employee / official,1,"yes, registered",yes,bad,single,male,2,0
564,0-200,24,delay in paying off in the past,business,4712,unknown/no savings account,1-4 yrs,4,none,2,savings agreement/life insurance,37,bank,rent,2,management/ self-employed/highly qualified employee/ officer,1,"yes, registered",yes,good,single,male,2,1
565,0-200,24,delay in paying off in the past,radio/television,1553,100-500,4-7 yrs,3,none,2,savings agreement/life insurance,23,none,own,2,skilled employee / official,1,"yes, registered",yes,good,divorced/separated/married,female,3,1
566,<0,12,existing credits paid back duly till now,car (new),1372,<100,4-7 yrs,2,none,3,car or other,36,none,rent,1,skilled employee / official,1,none,yes,bad,divorced/separated,male,3,0
567,No account,24,critical account/other credits existing (not at this bank),radio/television,2578,>=1000,>7 yrs,2,none,2,car or other,34,none,rent,1,skilled employee / official,1,none,yes,good,single,male,4,1
568,0-200,48,existing credits paid back duly till now,radio/television,3979,unknown/no savings account,4-7 yrs,4,none,1,car or other,41,none,rent,2,skilled employee / official,2,"yes, registered",yes,good,single,male,3,1
569,<0,48,existing credits paid back duly till now,radio/television,6758,<100,1-4 yrs,3,none,2,car or other,31,none,rent,1,skilled employee / official,1,"yes, registered",yes,bad,divorced/separated/married,female,2,0
570,<0,24,existing credits paid back duly till now,furniture/equipment,3234,<100,<1 yr,4,none,4,real estate,23,none,own,1,unskilled - resident,1,"yes, registered",yes,bad,divorced/separated/married,female,1,0
571,No account,30,critical account/other credits existing (not at this bank),radio/television,5954,<100,4-7 yrs,3,co-applicant,2,car or other,38,none,rent,1,skilled employee / official,1,none,yes,good,single,male,3,1
572,No account,24,existing credits paid back duly till now,car (used),5433,unknown/no savings account,unemployed,2,none,4,savings agreement/life insurance,26,none,own,1,management/ self-employed/highly qualified employee/ officer,1,"yes, registered",yes,good,divorced/separated/married,female,0,1
573,<0,15,existing credits paid back duly till now,business,806,<100,1-4 yrs,4,none,4,savings agreement/life insurance,22,none,rent,1,unskilled - resident,1,none,yes,good,divorced/separated/married,female,2,1
574,0-200,9,existing credits paid back duly till now,radio/television,1082,<100,>7 yrs,4,none,4,car or other,27,none,rent,2,unskilled - resident,1,none,yes,good,single,male,4,1
575,No account,15,critical account/other credits existing (not at this bank),furniture/equipment,2788,<100,4-7 yrs,2,co-applicant,3,car or other,24,bank,rent,2,skilled employee / official,1,none,yes,good,divorced/separated/married,female,3,1
576,0-200,12,existing credits paid back duly till now,radio/television,2930,<100,4-7 yrs,2,none,1,real estate,27,none,rent,1,skilled employee / official,1,none,yes,good,divorced/separated/married,female,3,1
577,No account,24,critical account/other credits existing (not at this bank),education,1927,unknown/no savings account,1-4 yrs,3,none,2,car or other,33,none,rent,2,skilled employee / official,1,"yes, registered",yes,good,divorced/separated/married,female,2,1
578,0-200,36,critical account/other credits existing (not at this bank),car (new),2820,<100,<1 yr,4,none,4,car or other,27,none,rent,2,skilled employee / official,1,none,yes,bad,divorced/separated,male,1,0
579,No account,24,existing credits paid back duly till now,retraining,937,<100,<1 yr,4,none,3,car or other,27,none,rent,2,unskilled - resident,1,none,yes,good,married/widowed,male,1,1
580,0-200,18,critical account/other credits existing (not at this bank),car (new),1056,<100,>7 yrs,3,guarantor,3,real estate,30,bank,rent,2,skilled employee / official,1,none,yes,bad,single,male,4,0
581,0-200,12,critical account/other credits existing (not at this bank),car (new),3124,<100,<1 yr,1,none,3,real estate,49,bank,rent,2,unskilled - resident,2,none,yes,good,single,male,1,1
582,No account,9,existing credits paid back duly till now,furniture/equipment,1388,<100,1-4 yrs,4,none,2,real estate,26,none,own,1,skilled employee / official,1,none,yes,good,divorced/separated/married,female,2,1
583,0-200,36,existing credits paid back duly till now,repairs,2384,<100,<1 yr,4,none,1,unknown/no property,33,none,own,1,unskilled - resident,1,none,yes,bad,single,male,1,0
584,No account,12,existing credits paid back duly till now,car (new),2133,unknown/no savings account,>7 yrs,4,none,4,unknown/no property,52,none,free,1,management/ self-employed/highly qualified employee/ officer,1,"yes, registered",yes,good,divorced/separated/married,female,4,1
585,<0,18,existing credits paid back duly till now,furniture/equipment,2039,<100,1-4 yrs,1,none,4,real estate,20,bank,own,1,skilled employee / official,1,none,yes,bad,divorced/separated/married,female,2,0
586,<0,9,critical account/other credits existing (not at this bank),car (new),2799,<100,1-4 yrs,2,none,2,real estate,36,none,own,2,skilled employee / official,2,none,yes,good,single,male,2,1
587,<0,12,existing credits paid back duly till now,furniture/equipment,1289,<100,1-4 yrs,4,guarantor,1,savings agreement/life insurance,21,none,rent,1,unskilled - resident,1,none,yes,good,single,male,2,1
588,<0,18,existing credits paid back duly till now,domestic appliances,1217,<100,1-4 yrs,4,none,3,real estate,47,none,rent,1,unskilled - resident,1,"yes, registered",yes,bad,married/widowed,male,2,0
589,<0,12,critical account/other credits existing (not at this bank),furniture/equipment,2246,<100,>7 yrs,3,none,3,savings agreement/life insurance,60,none,rent,2,skilled employee / official,1,none,yes,bad,single,male,4,0
590,<0,12,critical account/other credits existing (not at this bank),radio/television,385,<100,4-7 yrs,4,none,3,real estate,58,none,rent,4,unskilled - resident,1,"yes, registered",yes,good,divorced/separated/married,female,3,1
591,0-200,24,delay in paying off in the past,car (new),1965,unknown/no savings account,1-4 yrs,4,none,4,car or other,42,none,own,2,skilled employee / official,1,"yes, registered",yes,good,divorced/separated/married,female,2,1
592,No account,21,existing credits paid back duly till now,business,1572,>=1000,>7 yrs,4,none,4,real estate,36,bank,rent,1,unskilled - resident,1,none,yes,good,divorced/separated/married,female,4,1
593,0-200,24,existing credits paid back duly till now,car (new),2718,<100,1-4 yrs,3,none,4,savings agreement/life insurance,20,none,own,1,unskilled - resident,1,"yes, registered",yes,bad,divorced/separated/married,female,2,0
594,<0,24,all credits at this bank paid back duly,others,1358,unknown/no savings account,>7 yrs,4,none,3,car or other,40,stores,rent,1,management/ self-employed/highly qualified employee/ officer,1,"yes, registered",yes,bad,single,male,4,0
595,0-200,6,all credits at this bank paid back duly,car (new),931,100-500,<1 yr,1,none,1,savings agreement/life insurance,32,stores,rent,1,unskilled - resident,1,none,yes,bad,divorced/separated/married,female,1,0
596,<0,24,existing credits paid back duly till now,car (new),1442,<100,4-7 yrs,4,none,4,car or other,23,none,own,2,skilled employee / official,1,none,yes,bad,divorced/separated/married,female,3,0
597,0-200,24,no credits taken / paid back duly,business,4241,<100,1-4 yrs,1,none,4,real estate,36,none,rent,3,unskilled - resident,1,"yes, registered",yes,bad,single,male,2,0
598,No account,18,critical account/other credits existing (not at this bank),car (new),2775,<100,4-7 yrs,2,none,2,savings agreement/life insurance,31,bank,rent,2,skilled employee / official,1,none,yes,bad,single,male,3,0
599,No account,24,delay in paying off in the past,business,3863,<100,1-4 yrs,1,none,2,unknown/no property,32,none,free,1,skilled employee / official,1,none,yes,good,single,male,2,1
600,0-200,7,existing credits paid back duly till now,radio/television,2329,<100,<1 yr,1,guarantor,1,real estate,45,none,rent,1,skilled employee / official,1,none,yes,good,divorced/separated/married,female,1,1
601,0-200,9,existing credits paid back duly till now,furniture/equipment,918,<100,1-4 yrs,4,none,1,savings agreement/life insurance,30,none,rent,1,skilled employee / official,1,none,yes,bad,divorced/separated/married,female,2,0
602,0-200,24,all credits at this bank paid back duly,education,1837,<100,4-7 yrs,4,none,4,unknown/no property,34,bank,free,1,unskilled - resident,1,none,yes,bad,divorced/separated/married,female,3,0
603,No account,36,existing credits paid back duly till now,furniture/equipment,3349,<100,1-4 yrs,4,none,2,car or other,28,none,rent,1,management/ self-employed/highly qualified employee/ officer,1,"yes, registered",yes,bad,divorced/separated/married,female,2,0
604,>=200,10,existing credits paid back duly till now,furniture/equipment,1275,<100,<1 yr,4,none,2,savings agreement/life insurance,23,none,rent,1,skilled employee / official,1,none,yes,good,divorced/separated/married,female,1,1
605,<0,24,all credits at this bank paid back duly,furniture/equipment,2828,500-1000,1-4 yrs,4,none,4,real estate,22,stores,rent,1,skilled employee / official,1,"yes, registered",yes,good,single,male,2,1
606,No account,24,critical account/other credits existing (not at this bank),business,4526,<100,1-4 yrs,3,none,2,real estate,74,none,rent,1,management/ self-employed/highly qualified employee/ officer,1,"yes, registered",yes,good,single,male,2,1
607,0-200,36,existing credits paid back duly till now,radio/television,2671,100-500,1-4 yrs,4,co-applicant,4,unknown/no property,50,none,free,1,skilled employee / official,1,none,yes,bad,divorced/separated/married,female,2,0
608,No account,18,existing credits paid back duly till now,radio/television,2051,<100,<1 yr,4,none,1,real estate,33,none,rent,1,skilled employee / official,1,none,yes,good,single,male,1,1
609,No account,15,existing credits paid back duly till now,car (used),1300,unknown/no savings account,>7 yrs,4,none,4,unknown/no property,45,bank,free,1,skilled employee / official,2,none,yes,good,single,male,4,1
610,<0,12,existing credits paid back duly till now,domestic appliances,741,100-500,unemployed,4,none,3,savings agreement/life insurance,22,none,rent,1,skilled employee / official,1,none,yes,bad,divorced/separated/married,female,0,0
611,>=200,10,existing credits paid back duly till now,car (new),1240,100-500,>7 yrs,1,none,4,unknown/no property,48,none,free,1,unskilled - resident,2,none,yes,bad,divorced/separated/married,female,4,0
612,<0,21,existing credits paid back duly till now,radio/television,3357,>=1000,<1 yr,4,none,2,car or other,29,bank,rent,1,skilled employee / official,1,none,yes,good,divorced/separated/married,female,1,1
613,<0,24,all credits at this bank paid back duly,car (used),3632,<100,1-4 yrs,1,guarantor,4,car or other,22,bank,own,1,skilled employee / official,1,none,no,good,divorced/separated/married,female,2,1
614,No account,18,delay in paying off in the past,furniture/equipment,1808,<100,4-7 yrs,4,none,1,real estate,22,none,rent,1,skilled employee / official,1,none,yes,bad,divorced/separated/married,female,3,0
615,0-200,48,no credits taken / paid back duly,business,12204,unknown/no savings account,1-4 yrs,2,none,2,car or other,48,bank,rent,1,management/ self-employed/highly qualified employee/ officer,1,"yes, registered",yes,good,single,male,2,1
616,0-200,60,delay in paying off in the past,radio/television,9157,unknown/no savings account,1-4 yrs,2,none,2,unknown/no property,27,none,free,1,management/ self-employed/highly qualified employee/ officer,1,none,yes,good,single,male,2,1
617,<0,6,critical account/other credits existing (not at this bank),car (new),3676,<100,1-4 yrs,1,none,3,real estate,37,none,own,3,skilled employee / official,2,none,yes,good,single,male,2,1
618,0-200,30,existing credits paid back duly till now,furniture/equipment,3441,100-500,1-4 yrs,2,co-applicant,4,car or other,21,none,own,1,skilled employee / official,1,none,yes,bad,divorced/separated/married,female,2,0
619,No account,12,existing credits paid back duly till now,car (new),640,<100,1-4 yrs,4,none,2,real estate,49,none,rent,1,unskilled - resident,1,none,yes,good,divorced/separated,male,2,1
620,0-200,21,critical account/other credits existing (not at this bank),business,3652,<100,4-7 yrs,2,none,3,savings agreement/life insurance,27,none,rent,2,skilled employee / official,1,none,yes,good,single,male,3,1
621,No account,18,critical account/other credits existing (not at this bank),car (new),1530,<100,1-4 yrs,3,none,2,savings agreement/life insurance,32,bank,rent,2,skilled employee / official,1,none,yes,bad,single,male,2,0
622,No account,48,existing credits paid back duly till now,business,3914,unknown/no savings account,1-4 yrs,4,none,2,real estate,38,bank,rent,1,skilled employee / official,1,none,yes,bad,divorced/separated,male,2,0
623,<0,12,existing credits paid back duly till now,furniture/equipment,1858,<100,<1 yr,4,none,1,car or other,22,none,own,1,skilled employee / official,1,none,yes,good,divorced/separated/married,female,1,1
624,<0,18,existing credits paid back duly till now,radio/television,2600,<100,1-4 yrs,4,none,4,unknown/no property,65,none,free,2,skilled employee / official,1,none,yes,bad,single,male,2,0
625,No account,15,existing credits paid back duly till now,radio/television,1979,unknown/no savings account,>7 yrs,4,none,2,car or other,35,none,rent,1,skilled employee / official,1,none,yes,good,single,male,4,1
626,>=200,6,existing credits paid back duly till now,furniture/equipment,2116,<100,1-4 yrs,2,none,2,real estate,41,none,rent,1,skilled employee / official,1,"yes, registered",yes,good,single,male,2,1
627,0-200,9,all credits at this bank paid back duly,car (new),1437,100-500,4-7 yrs,2,none,3,unknown/no property,29,none,rent,1,skilled employee / official,1,none,yes,bad,single,male,3,0
628,No account,42,critical account/other credits existing (not at this bank),furniture/equipment,4042,500-1000,1-4 yrs,4,none,4,real estate,36,none,rent,2,skilled employee / official,1,"yes, registered",yes,good,single,male,2,1
629,No account,9,existing credits paid back duly till now,education,3832,unknown/no savings account,>7 yrs,1,none,4,real estate,64,none,rent,1,unskilled - resident,1,none,yes,good,single,male,4,1
630,<0,24,existing credits paid back duly till now,radio/television,3660,<100,1-4 yrs,2,none,4,car or other,28,none,rent,1,skilled employee / official,1,none,yes,good,divorced/separated/married,female,2,1
631,<0,18,all credits at this bank paid back duly,furniture/equipment,1553,<100,1-4 yrs,4,none,3,car or other,44,bank,rent,1,skilled employee / official,1,none,yes,bad,single,male,2,0
632,0-200,15,existing credits paid back duly till now,radio/television,1444,unknown/no savings account,<1 yr,4,none,1,savings agreement/life insurance,23,none,rent,1,skilled employee / official,1,none,yes,good,single,male,1,1
633,No account,9,existing credits paid back duly till now,furniture/equipment,1980,<100,<1 yr,2,co-applicant,2,car or other,19,none,own,2,skilled employee / official,1,none,yes,bad,divorced/separated/married,female,1,0
634,0-200,24,existing credits paid back duly till now,car (new),1355,<100,<1 yr,3,none,4,car or other,25,none,rent,1,unskilled - resident,1,"yes, registered",yes,bad,divorced/separated/married,female,1,0
635,No account,12,existing credits paid back duly till now,education,1393,<100,>7 yrs,4,none,4,savings agreement/life insurance,47,bank,rent,3,skilled employee / official,2,"yes, registered",yes,good,single,male,4,1
636,No account,24,existing credits paid back duly till now,radio/television,1376,500-1000,4-7 yrs,4,none,1,car or other,28,none,rent,1,skilled employee / official,1,none,yes,good,divorced/separated/married,female,3,1
637,No account,60,delay in paying off in the past,radio/television,15653,<100,4-7 yrs,2,none,4,car or other,21,none,rent,2,skilled employee / official,1,"yes, registered",yes,good,single,male,3,1
638,No account,12,existing credits paid back duly till now,radio/television,1493,<100,<1 yr,4,none,3,car or other,34,none,rent,1,skilled employee / official,2,none,yes,good,divorced/separated/married,female,1,1
639,<0,42,delay in paying off in the past,radio/television,4370,<100,4-7 yrs,3,none,2,savings agreement/life insurance,26,bank,rent,2,skilled employee / official,2,"yes, registered",yes,bad,single,male,3,0
640,<0,18,existing credits paid back duly till now,education,750,<100,unemployed,4,none,1,real estate,27,none,rent,1,unemployed/ unskilled - non-resident,1,none,yes,bad,divorced/separated/married,female,0,0
641,0-200,15,existing credits paid back duly till now,repairs,1308,<100,>7 yrs,4,none,4,car or other,38,none,rent,2,unskilled - resident,1,none,yes,good,single,male,4,1
642,No account,15,existing credits paid back duly till now,education,4623,100-500,1-4 yrs,3,none,2,savings agreement/life insurance,40,none,rent,1,management/ self-employed/highly qualified employee/ officer,1,"yes, registered",yes,bad,single,male,2,0
643,No account,24,critical account/other credits existing (not at this bank),radio/television,1851,<100,4-7 yrs,4,guarantor,2,car or other,33,none,rent,2,skilled employee / official,1,"yes, registered",yes,good,married/widowed,male,3,1
644,<0,18,critical account/other credits existing (not at this bank),radio/television,1880,<100,4-7 yrs,4,none,1,savings agreement/life insurance,32,none,rent,2,management/ self-employed/highly qualified employee/ officer,1,"yes, registered",yes,good,married/widowed,male,3,1
645,No account,36,delay in paying off in the past,business,7980,unknown/no savings account,<1 yr,4,none,4,car or other,27,none,own,2,skilled employee / official,1,"yes, registered",yes,bad,single,male,1,0
646,<0,30,no credits taken / paid back duly,furniture/equipment,4583,<100,1-4 yrs,2,guarantor,2,real estate,32,none,rent,2,skilled employee / official,1,none,yes,good,divorced/separated,male,2,1
647,No account,12,existing credits paid back duly till now,car (new),1386,500-1000,1-4 yrs,2,none,2,savings agreement/life insurance,26,none,rent,1,skilled employee / official,1,none,yes,bad,divorced/separated/married,female,2,0
648,>=200,24,existing credits paid back duly till now,car (new),947,<100,4-7 yrs,4,none,3,unknown/no property,38,bank,free,1,skilled employee / official,2,none,yes,bad,single,male,3,0
649,<0,12,existing credits paid back duly till now,education,684,<100,1-4 yrs,4,none,4,car or other,40,none,own,1,unskilled - resident,2,none,yes,bad,single,male,2,0
650,<0,48,existing credits paid back duly till now,education,7476,<100,4-7 yrs,4,none,1,unknown/no property,50,none,free,1,management/ self-employed/highly qualified employee/ officer,1,"yes, registered",yes,good,single,male,3,1
651,0-200,12,existing credits paid back duly till now,furniture/equipment,1922,<100,1-4 yrs,4,none,2,savings agreement/life insurance,37,none,rent,1,unskilled - resident,1,none,yes,bad,single,male,2,0
652,<0,24,existing credits paid back duly till now,car (new),2303,<100,>7 yrs,4,co-applicant,1,real estate,45,none,rent,1,skilled employee / official,1,none,yes,bad,single,male,4,0
653,0-200,36,delay in paying off in the past,car (new),8086,100-500,>7 yrs,2,none,4,car or other,42,none,rent,4,management/ self-employed/highly qualified employee/ officer,1,"yes, registered",yes,bad,single,male,4,0
654,No account,24,critical account/other credits existing (not at this bank),car (used),2346,<100,4-7 yrs,4,none,3,car or other,35,none,rent,2,skilled employee / official,1,"yes, registered",yes,good,single,male,3,1
655,<0,14,existing credits paid back duly till now,car (new),3973,<100,unemployed,1,none,4,unknown/no property,22,none,free,1,skilled employee / official,1,none,yes,good,single,male,0,1
656,0-200,12,existing credits paid back duly till now,car (new),888,<100,>7 yrs,4,none,4,car or other,41,bank,rent,1,unskilled - resident,2,none,yes,bad,single,male,4,0
657,No account,48,existing credits paid back duly till now,radio/television,10222,unknown/no savings account,4-7 yrs,4,none,3,car or other,37,stores,rent,1,skilled employee / official,1,"yes, registered",yes,good,single,male,3,1
658,0-200,30,no credits taken / paid back duly,business,4221,<100,1-4 yrs,2,none,1,car or other,28,none,rent,2,skilled employee / official,1,none,yes,good,divorced/separated/married,female,2,1
659,0-200,18,critical account/other credits existing (not at this bank),furniture/equipment,6361,<100,>7 yrs,2,none,1,unknown/no property,41,none,rent,1,skilled employee / official,1,"yes, registered",yes,good,single,male,4,1
660,>=200,12,existing credits paid back duly till now,radio/television,1297,<100,1-4 yrs,3,none,4,real estate,23,none,own,1,skilled employee / official,1,none,yes,good,married/widowed,male,2,1
661,<0,12,existing credits paid back duly till now,car (new),900,unknown/no savings account,1-4 yrs,4,none,2,car or other,23,none,rent,1,skilled employee / official,1,none,yes,bad,married/widowed,male,2,0
662,No account,21,existing credits paid back duly till now,furniture/equipment,2241,<100,>7 yrs,4,none,2,real estate,50,none,rent,2,skilled employee / official,1,none,yes,good,single,male,4,1
663,0-200,6,delay in paying off in the past,furniture/equipment,1050,<100,unemployed,4,none,1,savings agreement/life insurance,35,stores,rent,2,management/ self-employed/highly qualified employee/ officer,1,"yes, registered",yes,good,single,male,0,1
664,>=200,6,critical account/other credits existing (not at this bank),education,1047,<100,1-4 yrs,2,none,4,savings agreement/life insurance,50,none,rent,1,unskilled - resident,1,none,yes,good,divorced/separated/married,female,2,1
665,No account,24,critical account/other credits existing (not at this bank),others,6314,<100,unemployed,4,co-applicant,2,unknown/no property,27,bank,rent,2,management/ self-employed/highly qualified employee/ officer,1,"yes, registered",yes,good,single,male,0,1
666,0-200,30,all credits at this bank paid back duly,furniture/equipment,3496,>=1000,1-4 yrs,4,none,2,car or other,34,stores,rent,1,skilled employee / official,2,"yes, registered",yes,good,single,male,2,1
667,No account,48,all credits at this bank paid back duly,business,3609,<100,1-4 yrs,1,none,1,real estate,27,stores,rent,1,skilled employee / official,1,none,yes,good,divorced/separated/married,female,2,1
668,<0,12,critical account/other credits existing (not at this bank),car (new),4843,<100,>7 yrs,3,co-applicant,4,savings agreement/life insurance,43,none,own,2,skilled employee / official,1,"yes, registered",yes,bad,single,male,4,0
669,>=200,30,critical account/other credits existing (not at this bank),radio/television,3017,<100,>7 yrs,4,none,4,savings agreement/life insurance,47,none,rent,1,skilled employee / official,1,none,yes,good,single,male,4,1
670,No account,24,critical account/other credits existing (not at this bank),business,4139,100-500,1-4 yrs,3,none,3,savings agreement/life insurance,27,none,rent,2,unskilled - resident,1,"yes, registered",yes,good,single,male,2,1
671,No account,36,existing credits paid back duly till now,business,5742,100-500,4-7 yrs,2,none,2,car or other,31,none,rent,2,skilled employee / official,1,"yes, registered",yes,good,single,male,3,1
672,No account,60,existing credits paid back duly till now,car (new),10366,<100,>7 yrs,2,none,4,savings agreement/life insurance,42,none,rent,1,management/ self-employed/highly qualified employee/ officer,1,"yes, registered",yes,good,single,male,4,1
673,No account,6,critical account/other credits existing (not at this bank),car (new),2080,500-1000,1-4 yrs,1,none,2,car or other,24,none,rent,1,skilled employee / official,1,none,yes,good,married/widowed,male,2,1
674,No account,21,delay in paying off in the past,business,2580,500-1000,<1 yr,4,none,2,real estate,41,bank,rent,1,unskilled - resident,2,none,yes,bad,single,male,1,0
675,No account,30,critical account/other credits existing (not at this bank),radio/television,4530,<100,4-7 yrs,4,none,4,car or other,26,none,own,1,management/ self-employed/highly qualified employee/ officer,1,"yes, registered",yes,good,divorced/separated/married,female,3,1
676,No account,24,critical account/other credits existing (not at this bank),furniture/equipment,5150,<100,>7 yrs,4,none,4,car or other,33,none,rent,1,skilled employee / official,1,"yes, registered",yes,good,single,male,4,1
677,0-200,72,existing credits paid back duly till now,radio/television,5595,100-500,1-4 yrs,2,none,2,car or other,24,none,rent,1,skilled employee / official,1,none,yes,bad,married/widowed,male,2,0
678,<0,24,existing credits paid back duly till now,radio/television,2384,<100,>7 yrs,4,none,4,real estate,64,bank,own,1,unskilled - resident,1,none,yes,good,single,male,4,1
679,No account,18,existing credits paid back duly till now,radio/television,1453,<100,<1 yr,3,none,1,real estate,26,none,rent,1,skilled employee / official,1,none,yes,good,divorced/separated/married,female,1,1
680,No account,6,existing credits paid back duly till now,education,1538,<100,<1 yr,1,none,2,unknown/no property,56,none,rent,1,skilled employee / official,1,none,yes,good,divorced/separated/married,female,1,1
681,No account,12,existing credits paid back duly till now,radio/television,2279,unknown/no savings account,1-4 yrs,4,none,4,unknown/no property,37,none,free,1,skilled employee / official,1,"yes, registered",yes,good,single,male,2,1
682,No account,15,delay in paying off in the past,radio/television,1478,<100,1-4 yrs,4,none,3,real estate,33,bank,rent,2,skilled employee / official,1,none,yes,good,married/widowed,male,2,1
683,No account,24,critical account/other credits existing (not at this bank),radio/television,5103,<100,<1 yr,3,none,3,unknown/no property,47,none,free,3,skilled employee / official,1,"yes, registered",yes,good,married/widowed,male,1,1
684,0-200,36,delay in paying off in the past,business,9857,100-500,4-7 yrs,1,none,3,savings agreement/life insurance,31,none,rent,2,unskilled - resident,2,"yes, registered",yes,good,single,male,3,1
685,No account,60,existing credits paid back duly till now,car (new),6527,unknown/no savings account,1-4 yrs,4,none,4,unknown/no property,34,none,free,1,skilled employee / official,2,"yes, registered",yes,good,single,male,2,1
686,>=200,10,critical account/other credits existing (not at this bank),radio/television,1347,unknown/no savings account,4-7 yrs,4,none,2,savings agreement/life insurance,27,none,rent,2,skilled employee / official,1,"yes, registered",yes,good,single,male,3,1
687,0-200,36,delay in paying off in the past,car (new),2862,100-500,>7 yrs,4,none,3,unknown/no property,30,none,free,1,skilled employee / official,1,none,yes,good,single,male,4,1
688,No account,9,existing credits paid back duly till now,radio/television,2753,100-500,>7 yrs,3,co-applicant,4,car or other,35,none,rent,1,skilled employee / official,1,"yes, registered",yes,good,single,male,4,1
689,<0,12,existing credits paid back duly till now,car (new),3651,>=1000,1-4 yrs,1,none,3,savings agreement/life insurance,31,none,rent,1,skilled employee / official,2,none,yes,good,single,male,2,1
690,<0,15,critical account/other credits existing (not at this bank),furniture/equipment,975,<100,1-4 yrs,2,none,3,savings agreement/life insurance,25,none,rent,2,skilled employee / official,1,none,yes,good,divorced/separated,male,2,1
691,0-200,15,existing credits paid back duly till now,repairs,2631,100-500,1-4 yrs,3,none,2,real estate,25,none,rent,1,unskilled - resident,1,none,yes,good,divorced/separated/married,female,2,1
692,0-200,24,existing credits paid back duly till now,radio/television,2896,100-500,<1 yr,2,none,1,car or other,29,none,rent,1,skilled employee / official,1,none,yes,good,single,male,1,1
693,<0,6,critical account/other credits existing (not at this bank),car (new),4716,unknown/no savings account,<1 yr,1,none,3,real estate,44,none,rent,2,unskilled - resident,2,none,yes,good,single,male,1,1
694,No account,24,existing credits paid back duly till now,radio/television,2284,<100,4-7 yrs,4,none,2,car or other,28,none,rent,1,skilled employee / official,1,"yes, registered",yes,good,single,male,3,1
695,No account,6,existing credits paid back duly till now,car (used),1236,500-1000,1-4 yrs,2,none,4,savings agreement/life insurance,50,none,own,1,skilled employee / official,1,none,yes,good,single,male,2,1
696,0-200,12,existing credits paid back duly till now,radio/television,1103,<100,4-7 yrs,4,guarantor,3,real estate,29,none,rent,2,skilled employee / official,1,none,no,good,single,male,3,1
697,No account,12,critical account/other credits existing (not at this bank),car (new),926,<100,unemployed,1,none,2,savings agreement/life insurance,38,none,rent,1,unemployed/ unskilled - non-resident,1,none,yes,good,divorced/separated/married,female,0,1
698,No account,18,critical account/other credits existing (not at this bank),radio/television,1800,<100,1-4 yrs,4,none,2,car or other,24,none,rent,2,skilled employee / official,1,none,yes,good,single,male,2,1
699,>=200,15,existing credits paid back duly till now,education,1905,<100,>7 yrs,4,none,4,car or other,40,none,own,1,management/ self-employed/highly qualified employee/ officer,1,"yes, registered",yes,good,single,male,4,1
700,No account,12,existing credits paid back duly till now,furniture/equipment,1123,500-1000,1-4 yrs,4,none,4,car or other,29,none,own,1,unskilled - resident,1,none,yes,bad,divorced/separated/married,female,2,0
701,<0,48,critical account/other credits existing (not at this bank),car (used),6331,<100,>7 yrs,4,none,4,unknown/no property,46,none,free,2,skilled employee / official,1,"yes, registered",yes,bad,single,male,4,0
702,>=200,24,existing credits paid back duly till now,radio/television,1377,100-500,>7 yrs,4,none,2,unknown/no property,47,none,free,1,skilled employee / official,1,"yes, registered",yes,good,divorced/separated/married,female,4,1
703,0-200,30,delay in paying off in the past,business,2503,100-500,>7 yrs,4,none,2,savings agreement/life insurance,41,stores,rent,2,skilled employee / official,1,none,yes,good,single,male,4,1
704,0-200,27,existing credits paid back duly till now,business,2528,<100,<1 yr,4,none,1,savings agreement/life insurance,32,none,rent,1,skilled employee / official,2,"yes, registered",yes,good,divorced/separated/married,female,1,1
705,No account,15,existing credits paid back duly till now,car (new),5324,500-1000,>7 yrs,1,none,4,unknown/no property,35,none,free,1,skilled employee / official,1,none,yes,good,divorced/separated/married,female,4,1
706,0-200,48,existing credits paid back duly till now,car (new),6560,100-500,4-7 yrs,3,none,2,savings agreement/life insurance,24,none,rent,1,skilled employee / official,1,none,yes,bad,single,male,3,0
707,0-200,12,no credits taken / paid back duly,furniture/equipment,2969,<100,<1 yr,4,none,3,savings agreement/life insurance,25,none,own,2,skilled employee / official,1,none,yes,bad,divorced/separated/married,female,1,0
708,0-200,9,existing credits paid back duly till now,radio/television,1206,<100,>7 yrs,4,none,4,real estate,25,none,rent,1,skilled employee / official,1,none,yes,good,divorced/separated/married,female,4,1
709,0-200,9,existing credits paid back duly till now,radio/television,2118,<100,1-4 yrs,2,none,2,real estate,37,none,rent,1,unskilled - resident,2,none,yes,good,single,male,2,1
710,No account,18,critical account/other credits existing (not at this bank),radio/television,629,500-1000,>7 yrs,4,none,3,savings agreement/life insurance,32,bank,rent,2,management/ self-employed/highly qualified employee/ officer,1,"yes, registered",yes,good,single,male,4,1
711,<0,6,all credits at this bank paid back duly,education,1198,<100,>7 yrs,4,none,4,unknown/no property,35,none,free,1,skilled employee / official,1,none,yes,bad,divorced/separated/married,female,4,0
712,No account,21,existing credits paid back duly till now,car (used),2476,unknown/no savings account,>7 yrs,4,none,4,real estate,46,none,rent,1,management/ self-employed/highly qualified employee/ officer,1,"yes, registered",yes,good,single,male,4,1
713,<0,9,critical account/other credits existing (not at this bank),radio/television,1138,<100,1-4 yrs,4,none,4,real estate,25,none,rent,2,unskilled - resident,1,none,yes,good,single,male,2,1
714,0-200,60,existing credits paid back duly till now,car (new),14027,<100,4-7 yrs,4,none,2,unknown/no property,27,none,rent,1,management/ self-employed/highly qualified employee/ officer,1,"yes, registered",yes,bad,single,male,3,0
715,No account,30,critical account/other credits existing (not at this bank),car (used),7596,unknown/no savings account,>7 yrs,1,none,4,car or other,63,none,rent,2,skilled employee / official,1,none,yes,good,single,male,4,1
716,No account,30,critical account/other credits existing (not at this bank),radio/television,3077,unknown/no savings account,>7 yrs,3,none,2,car or other,40,none,rent,2,skilled employee / official,2,"yes, registered",yes,good,single,male,4,1
717,No account,18,existing credits paid back duly till now,radio/television,1505,<100,1-4 yrs,4,none,2,unknown/no property,32,none,free,1,management/ self-employed/highly qualified employee/ officer,1,"yes, registered",yes,good,single,male,2,1
718,>=200,24,critical account/other credits existing (not at this bank),radio/television,3148,unknown/no savings account,1-4 yrs,3,none,2,car or other,31,none,rent,2,skilled employee / official,1,"yes, registered",yes,good,single,male,2,1
719,0-200,20,no credits taken / paid back duly,car (used),6148,100-500,>7 yrs,3,none,4,car or other,31,bank,rent,2,skilled employee / official,1,"yes, registered",yes,good,married/widowed,male,4,1
720,>=200,9,no credits taken / paid back duly,radio/television,1337,<100,<1 yr,4,none,2,car or other,34,none,rent,2,management/ self-employed/highly qualified employee/ officer,1,"yes, registered",yes,bad,single,male,1,0
721,0-200,6,all credits at this bank paid back duly,education,433,>=1000,<1 yr,4,none,2,savings agreement/life insurance,24,bank,own,1,skilled employee / official,2,none,yes,bad,divorced/separated/married,female,1,0
722,<0,12,existing credits paid back duly till now,car (new),1228,<100,1-4 yrs,4,none,2,real estate,24,none,rent,1,unskilled - resident,1,none,yes,bad,divorced/separated/married,female,2,0
723,0-200,9,existing credits paid back duly till now,radio/television,790,500-1000,1-4 yrs,4,none,3,real estate,66,none,rent,1,unskilled - resident,1,none,yes,good,divorced/separated/married,female,2,1
724,No account,27,existing credits paid back duly till now,car (new),2570,<100,1-4 yrs,3,none,3,real estate,21,none,own,1,skilled employee / official,1,none,yes,bad,divorced/separated/married,female,2,0
725,No account,6,critical account/other credits existing (not at this bank),car (new),250,>=1000,1-4 yrs,2,none,2,real estate,41,bank,rent,2,unskilled - resident,1,none,yes,good,divorced/separated/married,female,2,1
726,No account,15,critical account/other credits existing (not at this bank),radio/television,1316,500-1000,1-4 yrs,2,none,2,savings agreement/life insurance,47,none,rent,2,unskilled - resident,1,none,yes,good,married/widowed,male,2,1
727,<0,18,existing credits paid back duly till now,radio/television,1882,<100,1-4 yrs,4,none,4,car or other,25,bank,own,2,skilled employee / official,1,none,yes,bad,divorced/separated/married,female,2,0
728,0-200,48,all credits at this bank paid back duly,business,6416,<100,>7 yrs,4,none,3,unknown/no property,59,none,own,1,skilled employee / official,1,none,yes,bad,divorced/separated/married,female,4,0
729,>=200,24,critical account/other credits existing (not at this bank),business,1275,>=1000,1-4 yrs,2,none,4,real estate,36,none,rent,2,skilled employee / official,1,"yes, registered",yes,good,divorced/separated,male,2,1
730,0-200,24,delay in paying off in the past,radio/television,6403,<100,<1 yr,1,none,2,car or other,33,none,rent,1,skilled employee / official,1,none,yes,good,single,male,1,1
731,<0,24,existing credits paid back duly till now,radio/television,1987,<100,1-4 yrs,2,none,4,real estate,21,none,own,1,unskilled - resident,2,none,yes,bad,single,male,2,0
732,0-200,8,existing credits paid back duly till now,radio/television,760,<100,4-7 yrs,4,guarantor,2,real estate,44,none,rent,1,unskilled - resident,1,none,yes,good,divorced/separated/married,female,3,1
733,No account,24,existing credits paid back duly till now,car (used),2603,>=1000,1-4 yrs,2,none,4,car or other,28,none,own,1,skilled employee / official,1,"yes, registered",yes,good,divorced/separated/married,female,2,1
734,No account,4,critical account/other credits existing (not at this bank),car (new),3380,<100,4-7 yrs,1,none,1,real estate,37,none,rent,1,skilled employee / official,2,none,yes,good,divorced/separated/married,female,3,1
735,0-200,36,all credits at this bank paid back duly,domestic appliances,3990,unknown/no savings account,<1 yr,3,none,2,unknown/no property,29,bank,rent,1,unemployed/ unskilled - non-resident,1,none,yes,good,divorced/separated/married,female,1,1
736,0-200,24,existing credits paid back duly till now,car (used),11560,<100,1-4 yrs,1,none,4,car or other,23,none,own,2,management/ self-employed/highly qualified employee/ officer,1,none,yes,bad,divorced/separated/married,female,2,0
737,<0,18,existing credits paid back duly till now,car (new),4380,100-500,1-4 yrs,3,none,4,car or other,35,none,rent,1,unskilled - resident,2,"yes, registered",yes,good,single,male,2,1
738,No account,6,critical account/other credits existing (not at this bank),car (new),6761,<100,4-7 yrs,1,none,3,unknown/no property,45,none,rent,2,management/ self-employed/highly qualified employee/ officer,2,"yes, registered",yes,good,single,male,3,1
739,0-200,30,no credits taken / paid back duly,business,4280,100-500,1-4 yrs,4,none,4,car or other,26,none,own,2,unskilled - resident,1,none,yes,bad,divorced/separated/married,female,2,0
740,<0,24,all credits at this bank paid back duly,car (new),2325,100-500,4-7 yrs,2,none,3,car or other,32,bank,rent,1,skilled employee / official,1,none,yes,good,single,male,3,1
741,0-200,10,all credits at this bank paid back duly,radio/television,1048,<100,1-4 yrs,4,none,4,real estate,23,stores,rent,1,unskilled - resident,1,none,yes,good,single,male,2,1
742,No account,21,existing credits paid back duly till now,radio/television,3160,unknown/no savings account,>7 yrs,4,none,3,savings agreement/life insurance,41,none,rent,1,skilled employee / official,1,"yes, registered",yes,good,single,male,4,1
743,<0,24,all credits at this bank paid back duly,furniture/equipment,2483,500-1000,1-4 yrs,4,none,4,real estate,22,stores,rent,1,skilled employee / official,1,"yes, registered",yes,good,single,male,2,1
744,<0,39,critical account/other credits existing (not at this bank),furniture/equipment,14179,unknown/no savings account,4-7 yrs,4,none,4,savings agreement/life insurance,30,none,rent,2,management/ self-employed/highly qualified employee/ officer,1,"yes, registered",yes,good,single,male,3,1
745,<0,13,critical account/other credits existing (not at this bank),business,1797,<100,<1 yr,3,none,1,savings agreement/life insurance,28,bank,rent,2,unskilled - resident,1,none,yes,good,single,male,1,1
746,<0,15,existing credits paid back duly till now,car (new),2511,<100,unemployed,1,none,4,car or other,23,none,own,1,skilled employee / official,1,none,yes,good,divorced/separated/married,female,0,1
747,<0,12,existing credits paid back duly till now,car (new),1274,<100,<1 yr,3,none,1,real estate,37,none,rent,1,unskilled - resident,1,none,yes,bad,divorced/separated/married,female,1,0
748,No account,21,existing credits paid back duly till now,car (used),5248,unknown/no savings account,1-4 yrs,1,none,3,car or other,26,none,rent,1,skilled employee / official,1,none,yes,good,single,male,2,1
749,No account,15,existing credits paid back duly till now,car (used),3029,<100,4-7 yrs,2,none,2,car or other,33,none,rent,1,skilled employee / official,1,none,yes,good,single,male,3,1
750,<0,6,existing credits paid back duly till now,furniture/equipment,428,<100,>7 yrs,2,none,1,savings agreement/life insurance,49,bank,rent,1,skilled employee / official,1,"yes, registered",yes,good,divorced/separated/married,female,4,1
751,<0,18,existing credits paid back duly till now,car (new),976,<100,<1 yr,1,none,2,car or other,23,none,rent,1,unskilled - resident,1,none,yes,bad,divorced/separated/married,female,1,0
752,0-200,12,existing credits paid back duly till now,business,841,100-500,4-7 yrs,2,none,4,real estate,23,none,own,1,unskilled - resident,1,none,yes,good,divorced/separated/married,female,3,1
753,No account,30,critical account/other credits existing (not at this bank),radio/television,5771,<100,4-7 yrs,4,none,2,car or other,25,none,rent,2,skilled employee / official,1,none,yes,good,divorced/separated/married,female,3,1
754,No account,12,delay in paying off in the past,repairs,1555,>=1000,>7 yrs,4,none,4,unknown/no property,55,none,free,2,skilled employee / official,2,none,yes,bad,single,male,4,0
755,<0,24,existing credits paid back duly till now,car (new),1285,unknown/no savings account,4-7 yrs,4,none,4,unknown/no property,32,none,own,1,skilled employee / official,1,none,yes,bad,divorced/separated/married,female,3,0
756,>=200,6,critical account/other credits existing (not at this bank),car (new),1299,<100,1-4 yrs,1,none,1,real estate,74,none,rent,3,unemployed/ unskilled - non-resident,2,none,no,good,single,male,2,1
757,>=200,15,critical account/other credits existing (not at this bank),radio/television,1271,unknown/no savings account,1-4 yrs,3,none,4,unknown/no property,39,none,free,2,skilled employee / official,1,"yes, registered",yes,bad,single,male,2,0
758,No account,24,existing credits paid back duly till now,car (new),1393,<100,1-4 yrs,2,guarantor,2,real estate,31,none,rent,1,skilled employee / official,1,"yes, registered",yes,good,single,male,2,1
759,<0,12,critical account/other credits existing (not at this bank),car (new),691,<100,>7 yrs,4,none,3,savings agreement/life insurance,35,none,rent,2,skilled employee / official,1,none,yes,bad,single,male,4,0
760,No account,15,critical account/other credits existing (not at this bank),car (new),5045,unknown/no savings account,>7 yrs,1,none,4,car or other,59,none,rent,1,skilled employee / official,1,"yes, registered",yes,good,divorced/separated/married,female,4,1
761,<0,18,critical account/other credits existing (not at this bank),furniture/equipment,2124,<100,1-4 yrs,4,none,4,real estate,24,none,own,2,skilled employee / official,1,none,yes,bad,divorced/separated/married,female,2,0
762,<0,12,existing credits paid back duly till now,radio/television,2214,<100,1-4 yrs,4,none,3,savings agreement/life insurance,24,none,rent,1,unskilled - resident,1,none,yes,good,single,male,2,1
763,No account,21,critical account/other credits existing (not at this bank),car (new),12680,unknown/no savings account,>7 yrs,4,none,4,unknown/no property,30,none,free,1,management/ self-employed/highly qualified employee/ officer,1,"yes, registered",yes,bad,single,male,4,0
764,No account,24,critical account/other credits existing (not at this bank),car (new),2463,100-500,4-7 yrs,4,none,3,savings agreement/life insurance,27,none,rent,2,skilled employee / official,1,"yes, registered",yes,good,married/widowed,male,3,1
765,0-200,12,existing credits paid back duly till now,radio/television,1155,<100,>7 yrs,3,guarantor,3,real estate,40,bank,rent,2,unskilled - resident,1,none,yes,good,married/widowed,male,4,1
766,<0,30,existing credits paid back duly till now,furniture/equipment,3108,<100,<1 yr,2,none,4,savings agreement/life insurance,31,none,rent,1,unskilled - resident,1,none,yes,bad,divorced/separated,male,1,0
767,No account,10,existing credits paid back duly till now,car (used),2901,unknown/no savings account,<1 yr,1,none,4,real estate,31,none,own,1,skilled employee / official,1,none,yes,good,divorced/separated/married,female,1,1
768,0-200,12,critical account/other credits existing (not at this bank),furniture/equipment,3617,<100,>7 yrs,1,none,4,car or other,28,none,own,3,skilled employee / official,1,"yes, registered",yes,good,single,male,4,1
769,No account,12,critical account/other credits existing (not at this bank),radio/television,1655,<100,>7 yrs,2,none,4,real estate,63,none,rent,2,unskilled - resident,1,"yes, registered",yes,good,single,male,4,1
770,<0,24,existing credits paid back duly till now,car (used),2812,unknown/no savings account,>7 yrs,2,none,4,real estate,26,none,own,1,skilled employee / official,1,none,yes,good,divorced/separated/married,female,4,1
771,<0,36,critical account/other credits existing (not at this bank),education,8065,<100,1-4 yrs,3,none,2,unknown/no property,25,none,rent,2,management/ self-employed/highly qualified employee/ officer,1,"yes, registered",yes,bad,divorced/separated/married,female,2,0
772,No account,21,critical account/other credits existing (not at this bank),car (used),3275,<100,>7 yrs,1,none,4,car or other,36,none,rent,1,management/ self-employed/highly qualified employee/ officer,1,"yes, registered",yes,good,single,male,4,1
773,No account,24,critical account/other credits existing (not at this bank),radio/television,2223,100-500,>7 yrs,4,none,4,savings agreement/life insurance,52,bank,rent,2,skilled employee / official,1,none,yes,good,single,male,4,1
774,>=200,12,critical account/other credits existing (not at this bank),car (new),1480,500-1000,unemployed,2,none,4,unknown/no property,66,bank,free,3,unemployed/ unskilled - non-resident,1,none,yes,good,single,male,0,1
775,<0,24,existing credits paid back duly till now,car (new),1371,unknown/no savings account,1-4 yrs,4,none,4,real estate,25,none,own,1,skilled employee / official,1,none,yes,bad,divorced/separated/married,female,2,0
776,No account,36,critical account/other credits existing (not at this bank),car (new),3535,<100,4-7 yrs,4,none,4,car or other,37,none,rent,2,skilled employee / official,1,"yes, registered",yes,good,single,male,3,1
777,<0,18,existing credits paid back duly till now,radio/television,3509,<100,4-7 yrs,4,guarantor,1,real estate,25,none,rent,1,skilled employee / official,1,none,yes,good,divorced/separated/married,female,3,1
778,No account,36,critical account/other credits existing (not at this bank),car (used),5711,>=1000,>7 yrs,4,none,2,car or other,38,none,rent,2,management/ self-employed/highly qualified employee/ officer,1,"yes, registered",yes,good,single,male,4,1
779,0-200,18,existing credits paid back duly till now,repairs,3872,<100,unemployed,2,none,4,car or other,67,none,rent,1,skilled employee / official,1,"yes, registered",yes,good,divorced/separated/married,female,0,1
780,0-200,39,critical account/other credits existing (not at this bank),radio/television,4933,<100,4-7 yrs,2,guarantor,2,real estate,25,none,rent,2,skilled employee / official,1,none,yes,bad,single,male,3,0
781,No account,24,critical account/other credits existing (not at this bank),car (new),1940,>=1000,>7 yrs,4,none,4,real estate,60,none,rent,1,skilled employee / official,1,"yes, registered",yes,good,single,male,4,1
782,0-200,12,no credits taken / paid back duly,retraining,1410,<100,1-4 yrs,2,none,2,real estate,31,none,rent,1,unskilled - resident,1,"yes, registered",yes,good,single,male,2,1
783,0-200,12,existing credits paid back duly till now,car (new),836,100-500,<1 yr,4,none,2,savings agreement/life insurance,23,bank,rent,1,unskilled - resident,1,none,yes,bad,divorced/separated/married,female,1,0
784,0-200,20,existing credits paid back duly till now,car (used),6468,unknown/no savings account,unemployed,1,none,4,real estate,60,none,rent,1,management/ self-employed/highly qualified employee/ officer,1,"yes, registered",yes,good,divorced/separated,male,0,1
785,0-200,18,existing credits paid back duly till now,business,1941,>=1000,1-4 yrs,4,none,2,savings agreement/life insurance,35,none,rent,1,unskilled - resident,1,"yes, registered",yes,good,single,male,2,1
786,No account,22,existing credits paid back duly till now,radio/television,2675,500-1000,>7 yrs,3,none,4,car or other,40,none,rent,1,skilled employee / official,1,none,yes,good,single,male,4,1
787,No account,48,critical account/other credits existing (not at this bank),car (used),2751,unknown/no savings account,>7 yrs,4,none,3,car or other,38,none,rent,2,skilled employee / official,2,"yes, registered",yes,good,single,male,4,1
788,0-200,48,delay in paying off in the past,education,6224,<100,>7 yrs,4,none,4,unknown/no property,50,none,free,1,skilled employee / official,1,none,yes,bad,single,male,4,0
789,<0,40,critical account/other credits existing (not at this bank),education,5998,<100,1-4 yrs,4,none,3,unknown/no property,27,bank,rent,1,skilled employee / official,1,"yes, registered",yes,bad,single,male,2,0
790,0-200,21,existing credits paid back duly till now,business,1188,<100,>7 yrs,2,none,4,savings agreement/life insurance,39,none,rent,1,skilled employee / official,2,none,yes,bad,divorced/separated/married,female,4,0
791,No account,24,existing credits paid back duly till now,car (used),6313,unknown/no savings account,>7 yrs,3,none,4,car or other,41,none,rent,1,management/ self-employed/highly qualified employee/ officer,2,"yes, registered",yes,good,single,male,4,1
792,No account,6,critical account/other credits existing (not at this bank),furniture/equipment,1221,unknown/no savings account,1-4 yrs,1,none,2,savings agreement/life insurance,27,none,rent,2,skilled employee / official,1,none,yes,good,married/widowed,male,2,1
793,>=200,24,existing credits paid back duly till now,furniture/equipment,2892,<100,>7 yrs,3,none,4,unknown/no property,51,none,free,1,skilled employee / official,1,none,yes,good,divorced/separated,male,4,1
794,No account,24,existing credits paid back duly till now,furniture/equipment,3062,500-1000,>7 yrs,4,none,3,unknown/no property,32,none,own,1,skilled employee / official,1,"yes, registered",yes,good,single,male,4,1
795,No account,9,existing credits paid back duly till now,furniture/equipment,2301,100-500,<1 yr,2,none,4,savings agreement/life insurance,22,none,own,1,skilled employee / official,1,none,yes,good,divorced/separated/married,female,1,1
796,<0,18,existing credits paid back duly till now,car (used),7511,unknown/no savings account,>7 yrs,1,none,4,savings agreement/life insurance,51,none,free,1,skilled employee / official,2,"yes, registered",yes,bad,single,male,4,0
797,No account,12,critical account/other credits existing (not at this bank),furniture/equipment,1258,<100,<1 yr,2,none,4,savings agreement/life insurance,22,none,own,2,unskilled - resident,1,none,yes,good,divorced/separated/married,female,1,1
798,No account,24,delay in paying off in the past,car (new),717,unknown/no savings account,>7 yrs,4,none,4,car or other,54,none,rent,2,skilled employee / official,1,"yes, registered",yes,good,married/widowed,male,4,1
799,0-200,9,existing credits paid back duly till now,car (new),1549,unknown/no savings account,<1 yr,4,none,2,real estate,35,none,rent,1,unemployed/ unskilled - non-resident,1,none,yes,good,single,male,1,1
800,No account,24,critical account/other credits existing (not at this bank),education,1597,<100,>7 yrs,4,none,4,unknown/no property,54,none,free,2,skilled employee / official,2,none,yes,good,single,male,4,1
801,0-200,18,critical account/other credits existing (not at this bank),radio/television,1795,<100,>7 yrs,3,guarantor,4,real estate,48,bank,own,2,unskilled - resident,1,"yes, registered",yes,good,divorced/separated/married,female,4,1
802,<0,20,critical account/other credits existing (not at this bank),furniture/equipment,4272,<100,>7 yrs,1,none,4,savings agreement/life insurance,24,none,rent,2,skilled employee / official,1,none,yes,good,divorced/separated/married,female,4,1
803,No account,12,critical account/other credits existing (not at this bank),radio/television,976,unknown/no savings account,>7 yrs,4,none,4,car or other,35,none,rent,2,skilled employee / official,1,none,yes,good,single,male,4,1
804,0-200,12,existing credits paid back duly till now,car (new),7472,unknown/no savings account,unemployed,1,none,2,real estate,24,none,own,1,unemployed/ unskilled - non-resident,1,none,yes,good,divorced/separated/married,female,0,1
805,<0,36,existing credits paid back duly till now,car (new),9271,<100,4-7 yrs,2,none,1,car or other,24,none,rent,1,skilled employee / official,1,"yes, registered",yes,bad,single,male,3,0
806,0-200,6,existing credits paid back duly till now,radio/television,590,<100,<1 yr,3,none,3,real estate,26,none,rent,1,unskilled - resident,1,none,no,good,married/widowed,male,1,1
807,No account,12,critical account/other credits existing (not at this bank),radio/television,930,unknown/no savings account,>7 yrs,4,none,4,real estate,65,none,rent,4,skilled employee / official,1,none,yes,good,single,male,4,1
808,0-200,42,all credits at this bank paid back duly,car (used),9283,<100,unemployed,1,none,2,unknown/no property,55,bank,free,1,management/ self-employed/highly qualified employee/ officer,1,"yes, registered",yes,good,single,male,0,1
809,0-200,15,no credits taken / paid back duly,car (new),1778,<100,<1 yr,2,none,1,real estate,26,none,own,2,unemployed/ unskilled - non-resident,1,none,yes,bad,divorced/separated/married,female,1,0
810,0-200,8,existing credits paid back duly till now,business,907,<100,<1 yr,3,none,2,real estate,26,none,rent,1,skilled employee / official,1,"yes, registered",yes,good,married/widowed,male,1,1
811,0-200,6,existing credits paid back duly till now,radio/television,484,<100,4-7 yrs,3,guarantor,3,real estate,28,bank,rent,1,unskilled - resident,1,none,yes,good,married/widowed,male,3,1
812,<0,36,critical account/other credits existing (not at this bank),car (used),9629,<100,4-7 yrs,4,none,4,car or other,24,none,rent,2,skilled employee / official,1,"yes, registered",yes,bad,single,male,3,0
813,<0,48,existing credits paid back duly till now,domestic appliances,3051,<100,1-4 yrs,3,none,4,car or other,54,none,rent,1,skilled employee / official,1,none,yes,bad,single,male,2,0
814,<0,48,existing credits paid back duly till now,car (new),3931,<100,4-7 yrs,4,none,4,unknown/no property,46,none,free,1,skilled employee / official,2,none,yes,bad,single,male,3,0
815,0-200,36,delay in paying off in the past,car (new),7432,<100,1-4 yrs,2,none,2,savings agreement/life insurance,54,none,own,1,skilled employee / official,1,none,yes,good,divorced/separated/married,female,2,1
816,No account,6,existing credits paid back duly till now,domestic appliances,1338,500-1000,1-4 yrs,1,none,4,real estate,62,none,rent,1,skilled employee / official,1,none,yes,good,divorced/separated,male,2,1
817,No account,6,critical account/other credits existing (not at this bank),radio/television,1554,<100,4-7 yrs,1,none,2,car or other,24,none,own,2,skilled employee / official,1,"yes, registered",yes,good,divorced/separated/married,female,3,1
818,<0,36,existing credits paid back duly till now,others,15857,<100,unemployed,2,co-applicant,3,car or other,43,none,rent,1,management/ self-employed/highly qualified employee/ officer,1,none,yes,good,divorced/separated,male,0,1
819,<0,18,existing credits paid back duly till now,radio/television,1345,<100,1-4 yrs,4,none,3,real estate,26,bank,rent,1,skilled employee / official,1,none,yes,bad,married/widowed,male,2,0
820,No account,12,existing credits paid back duly till now,car (new),1101,<100,1-4 yrs,3,none,2,real estate,27,none,rent,2,skilled employee / official,1,"yes, registered",yes,good,married/widowed,male,2,1
821,>=200,12,existing credits paid back duly till now,radio/television,3016,<100,1-4 yrs,3,none,1,car or other,24,none,rent,1,skilled employee / official,1,none,yes,good,married/widowed,male,2,1
822,<0,36,existing credits paid back duly till now,furniture/equipment,2712,<100,>7 yrs,2,none,2,savings agreement/life insurance,41,bank,rent,1,skilled employee / official,2,none,yes,bad,single,male,4,0
823,<0,8,critical account/other credits existing (not at this bank),car (new),731,<100,>7 yrs,4,none,4,real estate,47,none,rent,2,unskilled - resident,1,none,yes,good,single,male,4,1
824,No account,18,critical account/other credits existing (not at this bank),furniture/equipment,3780,<100,<1 yr,3,none,2,car or other,35,none,rent,2,management/ self-employed/highly qualified employee/ officer,1,"yes, registered",yes,good,divorced/separated,male,1,1
825,<0,21,critical account/other credits existing (not at this bank),car (new),1602,<100,>7 yrs,4,none,3,car or other,30,none,rent,2,skilled employee / official,1,"yes, registered",yes,good,married/widowed,male,4,1
826,<0,18,critical account/other credits existing (not at this bank),car (new),3966,<100,>7 yrs,1,none,4,real estate,33,bank,own,3,skilled employee / official,1,"yes, registered",yes,bad,divorced/separated/married,female,4,0
827,No account,18,no credits taken / paid back duly,business,4165,<100,1-4 yrs,2,none,2,car or other,36,stores,rent,2,skilled employee / official,2,none,yes,bad,single,male,2,0
828,<0,36,existing credits paid back duly till now,car (used),8335,unknown/no savings account,>7 yrs,3,none,4,unknown/no property,47,none,free,1,skilled employee / official,1,none,yes,bad,single,male,4,0
829,0-200,48,delay in paying off in the past,business,6681,unknown/no savings account,1-4 yrs,4,none,4,unknown/no property,38,none,free,1,skilled employee / official,2,"yes, registered",yes,good,single,male,2,1
830,No account,24,delay in paying off in the past,business,2375,500-1000,1-4 yrs,4,none,2,car or other,44,none,rent,2,skilled employee / official,2,"yes, registered",yes,good,single,male,2,1
831,<0,18,existing credits paid back duly till now,car (new),1216,<100,<1 yr,4,none,3,car or other,23,none,own,1,skilled employee / official,1,"yes, registered",yes,bad,divorced/separated/married,female,1,0
832,<0,45,no credits taken / paid back duly,business,11816,<100,>7 yrs,2,none,4,car or other,29,none,own,2,skilled employee / official,1,none,yes,bad,single,male,4,0
833,0-200,24,existing credits paid back duly till now,radio/television,5084,unknown/no savings account,>7 yrs,2,none,4,car or other,42,none,rent,1,skilled employee / official,1,"yes, registered",yes,good,divorced/separated/married,female,4,1
834,>=200,15,existing credits paid back duly till now,radio/television,2327,<100,<1 yr,2,none,3,real estate,25,none,rent,1,unskilled - resident,1,none,yes,bad,divorced/separated/married,female,1,0
835,<0,12,no credits taken / paid back duly,car (new),1082,<100,1-4 yrs,4,none,4,car or other,48,bank,rent,2,skilled employee / official,1,none,yes,bad,single,male,2,0
836,No account,12,existing credits paid back duly till now,radio/television,886,unknown/no savings account,1-4 yrs,4,none,2,car or other,21,none,rent,1,skilled employee / official,1,none,yes,good,divorced/separated/married,female,2,1
837,No account,4,existing credits paid back duly till now,furniture/equipment,601,<100,<1 yr,1,none,3,real estate,23,none,own,1,unskilled - resident,2,none,yes,good,divorced/separated/married,female,1,1
838,<0,24,critical account/other credits existing (not at this bank),car (used),2957,<100,>7 yrs,4,none,4,savings agreement/life insurance,63,none,rent,2,skilled employee / official,1,"yes, registered",yes,good,single,male,4,1
839,No account,24,critical account/other credits existing (not at this bank),radio/television,2611,<100,>7 yrs,4,co-applicant,3,real estate,46,none,rent,2,skilled employee / official,1,none,yes,good,married/widowed,male,4,1
840,<0,36,existing credits paid back duly till now,furniture/equipment,5179,<100,4-7 yrs,4,none,2,savings agreement/life insurance,29,none,rent,1,skilled employee / official,1,none,yes,bad,single,male,3,0
841,No account,21,delay in paying off in the past,car (used),2993,<100,1-4 yrs,3,none,2,real estate,28,stores,rent,2,unskilled - resident,1,none,yes,good,single,male,2,1
842,No account,18,existing credits paid back duly till now,repairs,1943,<100,<1 yr,4,none,4,real estate,23,none,rent,1,skilled employee / official,1,none,yes,bad,divorced/separated/married,female,1,0
843,No account,24,all credits at this bank paid back duly,business,1559,<100,4-7 yrs,4,none,4,car or other,50,bank,rent,1,skilled employee / official,1,"yes, registered",yes,good,single,male,3,1
844,No account,18,existing credits paid back duly till now,furniture/equipment,3422,<100,>7 yrs,4,none,4,savings agreement/life insurance,47,bank,rent,3,skilled employee / official,2,"yes, registered",yes,good,single,male,4,1
845,0-200,21,existing credits paid back duly till now,furniture/equipment,3976,unknown/no savings account,4-7 yrs,2,none,3,car or other,35,none,rent,1,skilled employee / official,1,"yes, registered",yes,good,single,male,3,1
846,No account,18,existing credits paid back duly till now,car (new),6761,unknown/no savings account,1-4 yrs,2,none,4,car or other,68,none,own,2,skilled employee / official,1,none,yes,bad,single,male,2,0
847,No account,24,existing credits paid back duly till now,car (new),1249,<100,<1 yr,4,none,2,real estate,28,none,rent,1,skilled employee / official,1,none,yes,good,married/widowed,male,1,1
848,<0,9,existing credits paid back duly till now,radio/television,1364,<100,4-7 yrs,3,none,4,real estate,59,none,rent,1,skilled employee / official,1,none,yes,good,single,male,3,1
849,<0,12,existing credits paid back duly till now,radio/television,709,<100,>7 yrs,4,none,4,real estate,57,stores,rent,1,unskilled - resident,1,none,yes,bad,single,male,4,0
850,<0,20,critical account/other credits existing (not at this bank),car (new),2235,<100,1-4 yrs,4,guarantor,2,savings agreement/life insurance,33,bank,own,2,skilled employee / official,1,none,no,bad,married/widowed,male,2,0
851,No account,24,critical account/other credits existing (not at this bank),car (used),4042,unknown/no savings account,4-7 yrs,3,none,4,savings agreement/life insurance,43,none,rent,2,skilled employee / official,1,"yes, registered",yes,good,single,male,3,1
852,No account,15,critical account/other credits existing (not at this bank),radio/television,1471,<100,1-4 yrs,4,none,4,unknown/no property,35,none,free,2,skilled employee / official,1,"yes, registered",yes,good,single,male,2,1
853,<0,18,all credits at this bank paid back duly,car (new),1442,<100,4-7 yrs,4,none,4,unknown/no property,32,none,free,2,unskilled - resident,2,none,yes,bad,single,male,3,0
854,No account,36,delay in paying off in the past,car (new),10875,<100,>7 yrs,2,none,2,car or other,45,none,rent,2,skilled employee / official,2,"yes, registered",yes,good,single,male,4,1
855,No account,24,existing credits paid back duly till now,car (new),1474,100-500,<1 yr,4,none,3,real estate,33,none,rent,1,skilled employee / official,1,"yes, registered",yes,good,married/widowed,male,1,1
856,No account,10,existing credits paid back duly till now,retraining,894,unknown/no savings account,4-7 yrs,4,none,3,savings agreement/life insurance,40,none,rent,1,skilled employee / official,1,"yes, registered",yes,good,divorced/separated/married,female,3,1
857,No account,15,critical account/other credits existing (not at this bank),furniture/equipment,3343,<100,1-4 yrs,4,none,2,unknown/no property,28,none,free,1,skilled employee / official,1,"yes, registered",yes,good,single,male,2,1
858,<0,15,existing credits paid back duly till now,car (new),3959,<100,1-4 yrs,3,none,2,savings agreement/life insurance,29,none,rent,1,skilled employee / official,1,"yes, registered",yes,bad,divorced/separated/married,female,2,0
859,No account,9,existing credits paid back duly till now,car (new),3577,100-500,1-4 yrs,1,guarantor,2,real estate,26,none,own,1,skilled employee / official,2,none,no,good,single,male,2,1
860,No account,24,critical account/other credits existing (not at this bank),car (used),5804,>=1000,1-4 yrs,4,none,2,real estate,27,none,rent,2,skilled employee / official,1,none,yes,good,single,male,2,1
861,No account,18,delay in paying off in the past,business,2169,<100,1-4 yrs,4,none,2,car or other,28,none,rent,1,skilled employee / official,1,"yes, registered",yes,bad,married/widowed,male,2,0
862,<0,24,existing credits paid back duly till now,radio/television,2439,<100,<1 yr,4,none,4,real estate,35,none,rent,1,skilled employee / official,1,"yes, registered",yes,bad,divorced/separated/married,female,1,0
863,No account,27,critical account/other credits existing (not at this bank),furniture/equipment,4526,>=1000,<1 yr,4,none,2,real estate,32,stores,rent,2,unskilled - resident,2,"yes, registered",yes,good,single,male,1,1
864,No account,10,existing credits paid back duly till now,furniture/equipment,2210,<100,1-4 yrs,2,none,2,real estate,25,bank,own,1,unskilled - resident,1,none,yes,bad,single,male,2,0
865,No account,15,existing credits paid back duly till now,furniture/equipment,2221,500-1000,1-4 yrs,2,none,4,car or other,20,none,own,1,skilled employee / official,1,none,yes,good,divorced/separated/married,female,2,1
866,<0,18,existing credits paid back duly till now,radio/television,2389,<100,<1 yr,4,none,1,car or other,27,stores,rent,1,skilled employee / official,1,none,yes,good,divorced/separated/married,female,1,1
867,No account,12,critical account/other credits existing (not at this bank),furniture/equipment,3331,<100,>7 yrs,2,none,4,savings agreement/life insurance,42,stores,rent,1,skilled employee / official,1,none,yes,good,single,male,4,1
868,No account,36,existing credits paid back duly till now,business,7409,unknown/no savings account,>7 yrs,3,none,2,savings agreement/life insurance,37,none,rent,2,skilled employee / official,1,none,yes,good,single,male,4,1
869,<0,12,existing credits paid back duly till now,furniture/equipment,652,<100,>7 yrs,4,none,4,savings agreement/life insurance,24,none,own,1,skilled employee / official,1,none,yes,good,divorced/separated/married,female,4,1
870,No account,36,delay in paying off in the past,furniture/equipment,7678,500-1000,4-7 yrs,2,none,4,car or other,40,none,rent,2,skilled employee / official,1,"yes, registered",yes,good,divorced/separated/married,female,3,1
871,>=200,6,critical account/other credits existing (not at this bank),car (new),1343,<100,>7 yrs,1,none,4,real estate,46,none,rent,2,skilled employee / official,2,none,no,good,single,male,4,1
872,<0,24,critical account/other credits existing (not at this bank),business,1382,100-500,4-7 yrs,4,none,1,real estate,26,none,rent,2,skilled employee / official,1,"yes, registered",yes,good,single,male,3,1
873,No account,15,existing credits paid back duly till now,domestic appliances,874,unknown/no savings account,<1 yr,4,none,1,real estate,24,none,rent,1,skilled employee / official,1,none,yes,good,divorced/separated/married,female,1,1
874,<0,12,existing credits paid back duly till now,furniture/equipment,3590,<100,1-4 yrs,2,co-applicant,2,savings agreement/life insurance,29,none,rent,1,unskilled - resident,2,none,yes,good,single,male,2,1
875,0-200,11,critical account/other credits existing (not at this bank),car (new),1322,>=1000,1-4 yrs,4,none,4,car or other,40,none,rent,2,skilled employee / official,1,none,yes,good,divorced/separated/married,female,2,1
876,<0,18,all credits at this bank paid back duly,radio/television,1940,<100,<1 yr,3,co-applicant,4,unknown/no property,36,bank,free,1,management/ self-employed/highly qualified employee/ officer,1,"yes, registered",yes,good,single,male,1,1
877,No account,36,existing credits paid back duly till now,radio/television,3595,<100,>7 yrs,4,none,2,car or other,28,none,rent,1,skilled employee / official,1,none,yes,good,single,male,4,1
878,<0,9,existing credits paid back duly till now,car (new),1422,<100,<1 yr,3,none,2,unknown/no property,27,none,free,1,management/ self-employed/highly qualified employee/ officer,1,"yes, registered",yes,bad,single,male,1,0
879,No account,30,critical account/other credits existing (not at this bank),radio/television,6742,unknown/no savings account,4-7 yrs,2,none,3,savings agreement/life insurance,36,none,rent,2,skilled employee / official,1,none,yes,good,single,male,3,1
880,No account,24,existing credits paid back duly till now,car (used),7814,<100,4-7 yrs,3,none,3,car or other,38,none,rent,1,management/ self-employed/highly qualified employee/ officer,1,"yes, registered",yes,good,single,male,3,1
881,No account,24,existing credits paid back duly till now,car (used),9277,unknown/no savings account,1-4 yrs,2,none,4,unknown/no property,48,none,free,1,skilled employee / official,1,"yes, registered",yes,good,divorced/separated,male,2,1
882,0-200,30,critical account/other credits existing (not at this bank),car (new),2181,unknown/no savings account,>7 yrs,4,none,4,real estate,36,none,rent,2,skilled employee / official,1,none,yes,good,single,male,4,1
883,No account,18,critical account/other credits existing (not at this bank),radio/television,1098,<100,unemployed,4,none,4,car or other,65,none,rent,2,unemployed/ unskilled - non-resident,1,none,yes,good,divorced/separated/married,female,0,1
884,0-200,24,existing credits paid back duly till now,furniture/equipment,4057,<100,4-7 yrs,3,none,3,car or other,43,none,rent,1,skilled employee / official,1,"yes, registered",yes,bad,divorced/separated,male,3,0
885,<0,12,existing credits paid back duly till now,education,795,<100,<1 yr,4,none,4,savings agreement/life insurance,53,none,rent,1,skilled employee / official,1,none,yes,bad,divorced/separated/married,female,1,0
886,0-200,24,critical account/other credits existing (not at this bank),business,2825,unknown/no savings account,4-7 yrs,4,none,3,unknown/no property,34,none,rent,2,skilled employee / official,2,"yes, registered",yes,good,single,male,3,1
887,0-200,48,existing credits paid back duly till now,business,15672,<100,1-4 yrs,2,none,2,car or other,23,none,rent,1,skilled employee / official,1,"yes, registered",yes,bad,single,male,2,0
888,No account,36,critical account/other credits existing (not at this bank),car (new),6614,<100,>7 yrs,4,none,4,car or other,34,none,rent,2,management/ self-employed/highly qualified employee/ officer,1,"yes, registered",yes,good,single,male,4,1
889,No account,28,all credits at this bank paid back duly,car (used),7824,unknown/no savings account,<1 yr,3,guarantor,4,real estate,40,bank,own,2,skilled employee / official,2,"yes, registered",yes,good,single,male,1,1
890,<0,27,critical account/other credits existing (not at this bank),business,2442,<100,>7 yrs,4,none,4,car or other,43,stores,rent,4,management/ self-employed/highly qualified employee/ officer,2,"yes, registered",yes,good,single,male,4,1
891,No account,15,critical account/other credits existing (not at this bank),radio/television,1829,<100,>7 yrs,4,none,4,car or other,46,none,rent,2,skilled employee / official,1,"yes, registered",yes,good,single,male,4,1
892,<0,12,critical account/other credits existing (not at this bank),car (new),2171,<100,1-4 yrs,4,none,4,savings agreement/life insurance,38,bank,rent,2,unskilled - resident,1,none,no,good,single,male,2,1
893,0-200,36,critical account/other credits existing (not at this bank),car (used),5800,<100,1-4 yrs,3,none,4,car or other,34,none,rent,2,skilled employee / official,1,"yes, registered",yes,good,single,male,2,1
894,No account,18,critical account/other credits existing (not at this bank),radio/television,1169,unknown/no savings account,1-4 yrs,4,none,3,savings agreement/life insurance,29,none,rent,2,skilled employee / official,1,"yes, registered",yes,good,single,male,2,1
895,No account,36,delay in paying off in the past,car (used),8947,unknown/no savings account,4-7 yrs,3,none,2,car or other,31,stores,rent,1,management/ self-employed/highly qualified employee/ officer,2,"yes, registered",yes,good,single,male,3,1
896,<0,21,existing credits paid back duly till now,radio/television,2606,<100,<1 yr,4,none,4,savings agreement/life insurance,28,none,own,1,management/ self-employed/highly qualified employee/ officer,1,"yes, registered",yes,good,divorced/separated/married,female,1,1
897,No account,12,critical account/other credits existing (not at this bank),furniture/equipment,1592,>=1000,4-7 yrs,3,none,2,savings agreement/life insurance,35,none,rent,1,skilled employee / official,1,none,no,good,divorced/separated/married,female,3,1
898,No account,15,existing credits paid back duly till now,furniture/equipment,2186,unknown/no savings account,4-7 yrs,1,none,4,real estate,33,bank,own,1,unskilled - resident,1,none,yes,good,divorced/separated/married,female,3,1
899,<0,18,existing credits paid back duly till now,furniture/equipment,4153,<100,1-4 yrs,2,co-applicant,3,car or other,42,none,rent,1,skilled employee / official,1,none,yes,bad,single,male,2,0
900,<0,16,critical account/other credits existing (not at this bank),car (new),2625,<100,>7 yrs,2,guarantor,4,savings agreement/life insurance,43,bank,own,1,skilled employee / official,1,"yes, registered",yes,bad,single,male,4,0
901,No account,20,critical account/other credits existing (not at this bank),car (new),3485,unknown/no savings account,<1 yr,2,none,4,real estate,44,none,rent,2,skilled employee / official,1,"yes, registered",yes,good,divorced/separated,male,1,1
902,No account,36,critical account/other credits existing (not at this bank),car (used),10477,unknown/no savings account,>7 yrs,2,none,4,unknown/no property,42,none,free,2,skilled employee / official,1,none,yes,good,single,male,4,1
903,No account,15,existing credits paid back duly till now,radio/television,1386,unknown/no savings account,1-4 yrs,4,none,2,real estate,40,none,own,1,skilled employee / official,1,"yes, registered",yes,good,married/widowed,male,2,1
904,No account,24,existing credits paid back duly till now,radio/television,1278,<100,>7 yrs,4,none,1,real estate,36,none,rent,1,management/ self-employed/highly qualified employee/ officer,1,"yes, registered",yes,good,single,male,4,1
905,<0,12,existing credits paid back duly till now,radio/television,1107,<100,1-4 yrs,2,none,2,real estate,20,none,own,1,management/ self-employed/highly qualified employee/ officer,2,"yes, registered",yes,good,single,male,2,1
906,<0,21,existing credits paid back duly till now,car (new),3763,unknown/no savings account,4-7 yrs,2,co-applicant,2,real estate,24,none,rent,1,unskilled - resident,1,none,no,good,single,male,3,1
907,0-200,36,existing credits paid back duly till now,education,3711,unknown/no savings account,1-4 yrs,2,none,2,car or other,27,none,rent,1,skilled employee / official,1,none,yes,good,married/widowed,male,2,1
908,No account,15,delay in paying off in the past,car (used),3594,<100,<1 yr,1,none,2,savings agreement/life insurance,46,none,rent,2,unskilled - resident,1,none,yes,good,divorced/separated/married,female,1,1
909,0-200,9,existing credits paid back duly till now,car (new),3195,unknown/no savings account,1-4 yrs,1,none,2,real estate,33,none,rent,1,unskilled - resident,1,none,yes,good,divorced/separated/married,female,2,1
910,No account,36,delay in paying off in the past,radio/television,4454,<100,1-4 yrs,4,none,4,real estate,34,none,rent,2,skilled employee / official,1,none,yes,good,divorced/separated/married,female,2,1
911,0-200,24,critical account/other credits existing (not at this bank),furniture/equipment,4736,<100,<1 yr,2,none,4,car or other,25,bank,rent,1,unskilled - resident,1,none,yes,bad,divorced/separated/married,female,1,0
912,0-200,30,existing credits paid back duly till now,radio/television,2991,unknown/no savings account,>7 yrs,2,none,4,car or other,25,none,rent,1,skilled employee / official,1,none,yes,good,divorced/separated/married,female,4,1
913,No account,11,existing credits paid back duly till now,business,2142,>=1000,>7 yrs,1,none,2,real estate,28,none,rent,1,skilled employee / official,1,"yes, registered",yes,good,divorced/separated,male,4,1
914,<0,24,all credits at this bank paid back duly,business,3161,<100,1-4 yrs,4,none,2,savings agreement/life insurance,31,none,own,1,skilled employee / official,1,"yes, registered",yes,bad,single,male,2,0
915,0-200,48,no credits taken / paid back duly,others,18424,<100,1-4 yrs,1,none,2,savings agreement/life insurance,32,bank,rent,1,management/ self-employed/highly qualified employee/ officer,1,"yes, registered",no,bad,divorced/separated/married,female,2,0
916,No account,10,existing credits paid back duly till now,car (used),2848,100-500,1-4 yrs,1,co-applicant,2,real estate,32,none,rent,1,skilled employee / official,2,none,yes,good,single,male,2,1
917,<0,6,existing credits paid back duly till now,car (new),14896,<100,>7 yrs,1,none,4,unknown/no property,68,bank,rent,1,management/ self-employed/highly qualified employee/ officer,1,"yes, registered",yes,bad,single,male,4,0
918,<0,24,existing credits paid back duly till now,furniture/equipment,2359,100-500,unemployed,1,none,1,savings agreement/life insurance,33,none,rent,1,skilled employee / official,1,none,yes,bad,divorced/separated,male,0,0
919,<0,24,existing credits paid back duly till now,furniture/equipment,3345,<100,>7 yrs,4,none,2,savings agreement/life insurance,39,none,own,1,management/ self-employed/highly qualified employee/ officer,1,"yes, registered",yes,bad,single,male,4,0
920,No account,18,critical account/other credits existing (not at this bank),furniture/equipment,1817,<100,1-4 yrs,4,none,2,unknown/no property,28,none,rent,2,skilled employee / official,1,none,yes,good,divorced/separated/married,female,2,1
921,No account,48,delay in paying off in the past,radio/television,12749,500-1000,4-7 yrs,4,none,1,car or other,37,none,rent,1,management/ self-employed/highly qualified employee/ officer,1,"yes, registered",yes,good,single,male,3,1
922,<0,9,existing credits paid back duly till now,radio/television,1366,<100,<1 yr,3,none,4,savings agreement/life insurance,22,none,own,1,skilled employee / official,1,none,yes,bad,divorced/separated/married,female,1,0
923,0-200,12,existing credits paid back duly till now,car (new),2002,<100,4-7 yrs,3,none,4,savings agreement/life insurance,30,none,own,1,skilled employee / official,2,"yes, registered",yes,good,single,male,3,1
924,<0,24,all credits at this bank paid back duly,furniture/equipment,6872,<100,<1 yr,2,none,1,savings agreement/life insurance,55,bank,rent,1,skilled employee / official,1,"yes, registered",yes,bad,divorced/separated,male,1,0
925,<0,12,all credits at this bank paid back duly,car (new),697,<100,<1 yr,4,none,2,car or other,46,bank,rent,2,skilled employee / official,1,"yes, registered",yes,bad,single,male,1,0
926,<0,18,critical account/other credits existing (not at this bank),furniture/equipment,1049,<100,<1 yr,4,none,4,savings agreement/life insurance,21,none,own,1,skilled employee / official,1,none,yes,good,divorced/separated/married,female,1,1
927,<0,48,existing credits paid back duly till now,car (used),10297,<100,4-7 yrs,4,none,4,unknown/no property,39,stores,free,3,skilled employee / official,2,"yes, registered",yes,bad,single,male,3,0
928,No account,30,existing credits paid back duly till now,radio/television,1867,unknown/no savings account,>7 yrs,4,none,4,car or other,58,none,rent,1,skilled employee / official,1,"yes, registered",yes,good,single,male,4,1
929,<0,12,delay in paying off in the past,car (new),1344,<100,1-4 yrs,4,none,2,real estate,43,none,rent,2,unskilled - resident,2,none,yes,good,single,male,2,1
930,<0,24,existing credits paid back duly till now,furniture/equipment,1747,<100,<1 yr,4,co-applicant,1,savings agreement/life insurance,24,none,rent,1,unskilled - resident,1,none,no,good,single,male,1,1
931,0-200,9,existing credits paid back duly till now,radio/television,1670,<100,<1 yr,4,none,2,car or other,22,none,rent,1,skilled employee / official,1,"yes, registered",yes,bad,divorced/separated/married,female,1,0
932,No account,9,critical account/other credits existing (not at this bank),car (new),1224,<100,1-4 yrs,3,none,1,real estate,30,none,rent,2,skilled employee / official,1,none,yes,good,single,male,2,1
933,No account,12,critical account/other credits existing (not at this bank),radio/television,522,500-1000,>7 yrs,4,none,4,savings agreement/life insurance,42,none,rent,2,skilled employee / official,2,"yes, registered",yes,good,single,male,4,1
934,<0,12,existing credits paid back duly till now,radio/television,1498,<100,1-4 yrs,4,none,1,car or other,23,bank,rent,1,skilled employee / official,1,none,yes,good,divorced/separated/married,female,2,1
935,0-200,30,delay in paying off in the past,radio/television,1919,100-500,<1 yr,4,none,3,unknown/no property,30,stores,rent,2,management/ self-employed/highly qualified employee/ officer,1,none,yes,bad,single,male,1,0
936,>=200,9,existing credits paid back duly till now,radio/television,745,<100,1-4 yrs,3,none,2,real estate,28,none,rent,1,unskilled - resident,1,none,yes,bad,divorced/separated/married,female,2,0
937,0-200,6,existing credits paid back duly till now,radio/television,2063,<100,<1 yr,4,none,3,car or other,30,none,own,1,management/ self-employed/highly qualified employee/ officer,1,"yes, registered",yes,good,married/widowed,male,1,1
938,0-200,60,existing credits paid back duly till now,education,6288,<100,1-4 yrs,4,none,4,unknown/no property,42,none,free,1,skilled employee / official,1,none,yes,bad,single,male,2,0
939,No account,24,critical account/other credits existing (not at this bank),car (used),6842,unknown/no savings account,1-4 yrs,2,none,4,savings agreement/life insurance,46,none,rent,2,management/ self-employed/highly qualified employee/ officer,2,"yes, registered",yes,good,single,male,2,1
940,No account,12,existing credits paid back duly till now,car (new),3527,unknown/no savings account,<1 yr,2,none,3,savings agreement/life insurance,45,none,rent,1,management/ self-employed/highly qualified employee/ officer,2,"yes, registered",yes,good,single,male,1,1
941,No account,10,existing credits paid back duly till now,car (new),1546,<100,1-4 yrs,3,none,2,real estate,31,none,rent,1,unskilled - resident,2,none,no,good,single,male,2,1
942,No account,24,existing credits paid back duly till now,furniture/equipment,929,unknown/no savings account,4-7 yrs,4,none,2,car or other,31,stores,rent,1,skilled employee / official,1,"yes, registered",yes,good,single,male,3,1
943,No account,4,critical account/other credits existing (not at this bank),car (new),1455,<100,4-7 yrs,2,none,1,real estate,42,none,rent,3,unskilled - resident,2,none,yes,good,single,male,3,1
944,<0,15,existing credits paid back duly till now,furniture/equipment,1845,<100,<1 yr,4,guarantor,1,savings agreement/life insurance,46,none,own,1,skilled employee / official,1,none,yes,good,divorced/separated/married,female,1,1
945,0-200,48,no credits taken / paid back duly,car (new),8358,500-1000,<1 yr,1,none,1,car or other,30,none,rent,2,skilled employee / official,1,none,yes,good,divorced/separated/married,female,1,1
946,<0,24,all credits at this bank paid back duly,furniture/equipment,3349,500-1000,<1 yr,4,none,4,unknown/no property,30,none,free,1,skilled employee / official,2,"yes, registered",yes,bad,single,male,1,0
947,No account,12,existing credits paid back duly till now,car (new),2859,unknown/no savings account,unemployed,4,none,4,unknown/no property,38,none,rent,1,management/ self-employed/highly qualified employee/ officer,1,"yes, registered",yes,good,single,male,0,1
948,No account,18,existing credits paid back duly till now,furniture/equipment,1533,<100,<1 yr,4,co-applicant,1,savings agreement/life insurance,43,none,rent,1,unskilled - resident,2,none,yes,bad,married/widowed,male,1,0
949,No account,24,existing credits paid back duly till now,radio/television,3621,100-500,>7 yrs,2,none,4,car or other,31,none,rent,2,skilled employee / official,1,none,yes,bad,single,male,4,0
950,0-200,18,critical account/other credits existing (not at this bank),business,3590,<100,unemployed,3,none,3,car or other,40,none,rent,3,unemployed/ unskilled - non-resident,2,"yes, registered",yes,good,married/widowed,male,0,1
951,<0,36,delay in paying off in the past,business,2145,<100,4-7 yrs,2,none,1,car or other,24,none,rent,2,skilled employee / official,1,"yes, registered",yes,bad,single,male,3,0
952,0-200,24,existing credits paid back duly till now,car (used),4113,500-1000,<1 yr,3,none,4,car or other,28,none,own,1,skilled employee / official,1,none,yes,bad,divorced/separated/married,female,1,0
953,No account,36,existing credits paid back duly till now,furniture/equipment,10974,<100,unemployed,4,none,2,car or other,26,none,rent,2,management/ self-employed/highly qualified employee/ officer,1,"yes, registered",yes,bad,divorced/separated/married,female,0,0
954,<0,12,existing credits paid back duly till now,car (new),1893,<100,1-4 yrs,4,guarantor,4,savings agreement/life insurance,29,none,rent,1,skilled employee / official,1,"yes, registered",yes,good,divorced/separated/married,female,2,1
955,<0,24,critical account/other credits existing (not at this bank),radio/television,1231,>=1000,>7 yrs,4,none,4,savings agreement/life insurance,57,none,own,2,management/ self-employed/highly qualified employee/ officer,1,"yes, registered",yes,good,divorced/separated/married,female,4,1
956,>=200,30,critical account/other credits existing (not at this bank),radio/television,3656,unknown/no savings account,>7 yrs,4,none,4,savings agreement/life insurance,49,stores,rent,2,unskilled - resident,1,none,yes,good,single,male,4,1
957,0-200,9,critical account/other credits existing (not at this bank),radio/television,1154,<100,>7 yrs,2,none,4,real estate,37,none,rent,3,unskilled - resident,1,none,yes,good,single,male,4,1
958,<0,28,existing credits paid back duly till now,car (new),4006,<100,1-4 yrs,3,none,2,car or other,45,none,rent,1,unskilled - resident,1,none,yes,bad,single,male,2,0
959,0-200,24,existing credits paid back duly till now,furniture/equipment,3069,100-500,>7 yrs,4,none,4,unknown/no property,30,none,free,1,skilled employee / official,1,none,yes,good,single,male,4,1
960,No account,6,critical account/other credits existing (not at this bank),radio/television,1740,<100,>7 yrs,2,none,2,real estate,30,none,own,2,skilled employee / official,1,none,yes,good,married/widowed,male,4,1
961,0-200,21,delay in paying off in the past,car (new),2353,<100,1-4 yrs,1,none,4,savings agreement/life insurance,47,none,rent,2,skilled employee / official,1,none,yes,good,divorced/separated,male,2,1
962,No account,15,existing credits paid back duly till now,car (new),3556,unknown/no savings account,1-4 yrs,3,none,2,unknown/no property,29,none,rent,1,skilled employee / official,1,none,yes,good,single,male,2,1
963,No account,24,existing credits paid back duly till now,radio/television,2397,500-1000,>7 yrs,3,none,2,car or other,35,bank,rent,2,skilled employee / official,1,"yes, registered",yes,bad,single,male,4,0
964,0-200,6,existing credits paid back duly till now,repairs,454,<100,<1 yr,3,none,1,savings agreement/life insurance,22,none,rent,1,unskilled - resident,1,none,yes,good,married/widowed,male,1,1
965,0-200,30,existing credits paid back duly till now,radio/television,1715,unknown/no savings account,1-4 yrs,4,none,1,car or other,26,none,rent,1,skilled employee / official,1,none,yes,good,divorced/separated/married,female,2,1
966,0-200,27,critical account/other credits existing (not at this bank),radio/television,2520,500-1000,1-4 yrs,4,none,2,savings agreement/life insurance,23,none,rent,2,unskilled - resident,1,none,yes,bad,single,male,2,0
967,No account,15,existing credits paid back duly till now,radio/television,3568,<100,>7 yrs,4,none,2,car or other,54,bank,own,1,management/ self-employed/highly qualified employee/ officer,1,"yes, registered",yes,good,divorced/separated/married,female,4,1
968,No account,42,existing credits paid back duly till now,radio/television,7166,unknown/no savings account,4-7 yrs,2,none,4,savings agreement/life insurance,29,none,own,1,skilled employee / official,1,"yes, registered",yes,good,married/widowed,male,3,1
969,<0,11,critical account/other credits existing (not at this bank),car (new),3939,<100,1-4 yrs,1,none,2,real estate,40,none,rent,2,unskilled - resident,2,none,yes,good,single,male,2,1
970,0-200,15,existing credits paid back duly till now,repairs,1514,100-500,1-4 yrs,4,guarantor,2,real estate,22,none,rent,1,skilled employee / official,1,none,yes,good,single,male,2,1
971,No account,24,existing credits paid back duly till now,car (new),7393,<100,1-4 yrs,1,none,4,savings agreement/life insurance,43,none,rent,1,unskilled - resident,2,none,yes,good,single,male,2,1
972,<0,24,all credits at this bank paid back duly,car (new),1193,<100,unemployed,1,co-applicant,4,unknown/no property,29,none,own,2,unemployed/ unskilled - non-resident,1,none,yes,bad,divorced/separated/married,female,0,0
973,<0,60,existing credits paid back duly till now,business,7297,<100,>7 yrs,4,co-applicant,4,unknown/no property,36,none,own,1,skilled employee / official,1,none,yes,bad,single,male,4,0
974,No account,30,critical account/other credits existing (not at this bank),radio/television,2831,<100,1-4 yrs,4,none,2,car or other,33,none,rent,1,skilled employee / official,1,"yes, registered",yes,good,divorced/separated/married,female,2,1
975,>=200,24,existing credits paid back duly till now,radio/television,1258,500-1000,1-4 yrs,3,none,3,car or other,57,none,rent,1,unskilled - resident,1,none,yes,good,divorced/separated/married,female,2,1
976,0-200,6,existing credits paid back duly till now,radio/television,753,<100,1-4 yrs,2,guarantor,3,real estate,64,none,rent,1,skilled employee / official,1,none,yes,good,divorced/separated/married,female,2,1
977,0-200,18,delay in paying off in the past,business,2427,unknown/no savings account,>7 yrs,4,none,2,savings agreement/life insurance,42,none,rent,2,skilled employee / official,1,none,yes,good,single,male,4,1
978,No account,24,delay in paying off in the past,car (new),2538,<100,>7 yrs,4,none,4,car or other,47,none,rent,2,unskilled - resident,2,none,yes,bad,single,male,4,0
979,0-200,15,all credits at this bank paid back duly,car (new),1264,100-500,1-4 yrs,2,none,2,savings agreement/life insurance,25,none,own,1,skilled employee / official,1,none,yes,bad,married/widowed,male,2,0
980,0-200,30,critical account/other credits existing (not at this bank),furniture/equipment,8386,<100,4-7 yrs,2,none,2,savings agreement/life insurance,49,none,rent,1,skilled employee / official,1,none,yes,bad,single,male,3,0
981,No account,48,existing credits paid back duly till now,business,4844,<100,unemployed,3,none,2,car or other,33,bank,own,1,management/ self-employed/highly qualified employee/ officer,1,"yes, registered",yes,bad,single,male,0,0
982,>=200,21,existing credits paid back duly till now,car (new),2923,100-500,1-4 yrs,1,none,1,car or other,28,bank,rent,1,management/ self-employed/highly qualified employee/ officer,1,"yes, registered",yes,good,divorced/separated/married,female,2,1
983,<0,36,existing credits paid back duly till now,car (used),8229,<100,1-4 yrs,2,none,2,savings agreement/life insurance,26,none,rent,1,skilled employee / official,2,none,yes,bad,single,male,2,0
984,No account,24,critical account/other credits existing (not at this bank),furniture/equipment,2028,<100,4-7 yrs,2,none,2,savings agreement/life insurance,30,none,rent,2,unskilled - resident,1,none,yes,good,single,male,3,1
985,<0,15,critical account/other credits existing (not at this bank),furniture/equipment,1433,<100,1-4 yrs,4,none,3,savings agreement/life insurance,25,none,own,2,skilled employee / official,1,none,yes,good,divorced/separated/married,female,2,1
986,>=200,42,no credits taken / paid back duly,business,6289,<100,<1 yr,2,none,1,savings agreement/life insurance,33,none,rent,2,skilled employee / official,1,none,yes,good,divorced/separated,male,1,1
987,No account,13,existing credits paid back duly till now,radio/television,1409,100-500,unemployed,2,none,4,real estate,64,none,rent,1,skilled employee / official,1,none,yes,good,divorced/separated/married,female,0,1
988,<0,24,existing credits paid back duly till now,car (used),6579,<100,unemployed,4,none,2,unknown/no property,29,none,free,1,management/ self-employed/highly qualified employee/ officer,1,"yes, registered",yes,good,single,male,0,1
989,0-200,24,critical account/other credits existing (not at this bank),radio/television,1743,<100,>7 yrs,4,none,2,savings agreement/life insurance,48,none,rent,2,unskilled - resident,1,none,yes,good,single,male,4,1
990,No account,12,critical account/other credits existing (not at this bank),education,3565,unknown/no savings account,<1 yr,2,none,1,savings agreement/life insurance,37,none,rent,2,unskilled - resident,2,none,yes,good,single,male,1,1
991,No account,15,all credits at this bank paid back duly,radio/television,1569,100-500,>7 yrs,4,none,4,car or other,34,bank,rent,1,unskilled - resident,2,none,yes,good,single,male,4,1
992,<0,18,existing credits paid back duly till now,radio/television,1936,unknown/no savings account,4-7 yrs,2,none,4,car or other,23,none,own,2,unskilled - resident,1,none,yes,good,married/widowed,male,3,1
993,<0,36,existing credits paid back duly till now,furniture/equipment,3959,<100,unemployed,4,none,3,savings agreement/life insurance,30,none,rent,1,management/ self-employed/highly qualified employee/ officer,1,"yes, registered",yes,good,single,male,0,1
994,No account,12,existing credits paid back duly till now,car (new),2390,unknown/no savings account,>7 yrs,4,none,3,car or other,50,none,rent,1,skilled employee / official,1,"yes, registered",yes,good,single,male,4,1
995,No account,12,existing credits paid back duly till now,furniture/equipment,1736,<100,4-7 yrs,3,none,4,real estate,31,none,rent,1,unskilled - resident,1,none,yes,good,divorced/separated/married,female,3,1
996,<0,30,existing credits paid back duly till now,car (used),3857,<100,1-4 yrs,4,none,4,savings agreement/life insurance,40,none,rent,1,management/ self-employed/highly qualified employee/ officer,1,"yes, registered",yes,good,divorced/separated,male,2,1
997,No account,12,existing credits paid back duly till now,radio/television,804,<100,>7 yrs,4,none,4,car or other,38,none,rent,1,skilled employee / official,1,none,yes,good,single,male,4,1
998,<0,45,existing credits paid back duly till now,radio/television,1845,<100,1-4 yrs,4,none,4,unknown/no property,23,none,free,1,skilled employee / official,1,"yes, registered",yes,bad,single,male,2,0
999,0-200,45,critical account/other credits existing (not at this bank),car (used),4576,100-500,unemployed,3,none,4,car or other,27,none,rent,1,skilled employee / official,1,none,yes,good,single,male,0,1
